{"type": "FeatureCollection", "features": [{"id": "0", "type": "Feature", "properties": {"canton_id": 0}, "geometry": {"type": "Polygon", "coordinates": [[[1.245992018324984, 6.230874204500033], [1.235961348514461, 6.216454476115836], [1.235535938030927, 6.206180306471556], [1.2092415613278698, 6.204647771333471], [1.2079866893143882, 6.19410231168917], [1.1899998301460355, 6.205671594995991], [1.1785332359750527, 6.2061431872209685], [1.1799562150937755, 6.218198171653375], [1.1628982803895833, 6.232903822484477], [1.1562525906113479, 6.233285975383338], [1.1613145308356263, 6.238536321577629], [1.1611866961524786, 6.254611978402643], [1.1710618341389114, 6.265694996576074], [1.2037229745605347, 6.255883068997148], [1.245992018324984, 6.230874204500033]]]}}, {"id": "1", "type": "Feature", "properties": {"canton_id": 1}, "geometry": {"type": "Polygon", "coordinates": [[[1.1655694066028495, 6.304567866918758], [1.1839027256886407, 6.297374274755205], [1.1734174074403096, 6.268932799323924], [1.1611866961524786, 6.254611978402643], [1.1613145308356263, 6.238536321577629], [1.153178773784986, 6.230097691105759], [1.129358345182175, 6.264200107669519], [1.1334023936574877, 6.28280514454301], [1.1655694066028495, 6.304567866918758]]]}}, {"id": "2", "type": "Feature", "properties": {"canton_id": 2}, "geometry": {"type": "Polygon", "coordinates": [[[1.1799562150937755, 6.218198171653375], [1.1785332359750527, 6.2061431872209685], [1.1647357139296353, 6.2122552898542995], [1.161658456688331, 6.2075805082442015], [1.1525643830614196, 6.214987165865092], [1.153178773784986, 6.230097691105759], [1.1628982803895833, 6.232903822484477], [1.1799562150937755, 6.218198171653375]]]}}, {"id": "3", "type": "Feature", "properties": {"canton_id": 3}, "geometry": {"type": "Polygon", "coordinates": [[[1.1921357171524272, 6.298575805958393], [1.2046852605698872, 6.283623483704003], [1.2265767157593515, 6.283071272691517], [1.2346363976236037, 6.272917256423382], [1.2459523385580995, 6.274689426934162], [1.2576828920085454, 6.257311549107615], [1.246030936651764, 6.230969406861844], [1.2037229745605347, 6.255883068997148], [1.1710618341389114, 6.265694996576074], [1.1839113244817157, 6.297393604307654], [1.1921357171524272, 6.298575805958393]]]}}, {"id": "4", "type": "Feature", "properties": {"canton_id": 4}, "geometry": {"type": "Polygon", "coordinates": [[[1.1525643830614196, 6.214987165865092], [1.0935211971661267, 6.228419365149831], [1.0975603494975825, 6.245629357102312], [1.0930763666902532, 6.268903841074114], [1.1334023936574877, 6.28280514454301], [1.129358345182175, 6.264200107669519], [1.1551654515253857, 6.227110632427568], [1.1525643830614196, 6.214987165865092]]]}}, {"id": "5", "type": "Feature", "properties": {"canton_id": 5}, "geometry": {"type": "Polygon", "coordinates": [[[1.256755257961897, 6.309831692818799], [1.2490533300895332, 6.270165784197672], [1.2459523385580995, 6.274689426934162], [1.2346363976236037, 6.272917256423382], [1.2265767157593515, 6.283071272691517], [1.2046852605698872, 6.283623483704003], [1.1890696663116025, 6.308336515332424], [1.2050714473940667, 6.359456103770098], [1.2263048012103235, 6.361580664872085], [1.2332615131609665, 6.354298175946027], [1.2489260229493786, 6.353456921898083], [1.256755257961897, 6.309831692818799]]]}}, {"id": "6", "type": "Feature", "properties": {"canton_id": 6}, "geometry": {"type": "Polygon", "coordinates": [[[1.0036705534837742, 6.545629734912045], [1.0118548530556852, 6.5248145843629635], [1.0184671233967608, 6.528375874318772], [1.0327101737570987, 6.517777304575831], [1.0601769853513914, 6.486726564051624], [1.054549185278793, 6.475000933227708], [1.0809860904432256, 6.4647722913244055], [1.074927497540723, 6.448823248019643], [1.0786979980536553, 6.4376232145205545], [1.0442085055923596, 6.435808414472046], [1.021017913565865, 6.4449116544510945], [0.9687378998833244, 6.435785296650615], [0.9664722666755393, 6.423254537290823], [0.9777847621581033, 6.416929875250122], [0.9769214510935988, 6.397311340399536], [0.9716872271151404, 6.388629195400236], [0.9425829979436721, 6.417246595498503], [0.8979083775929675, 6.425270947867881], [0.940542311302063, 6.456820583059179], [0.9432855503317812, 6.467362804682933], [0.9801795502591139, 6.4791097191850024], [0.9870132752077321, 6.489414947253622], [0.9856813504201762, 6.49679248567206], [0.9627987630448683, 6.509439713294146], [0.9724394407184329, 6.532531553921082], [0.9853793848554698, 6.546673949258521], [0.989429845302456, 6.545161822629962], [0.9944312067083025, 6.551913612852198], [1.0036705534837742, 6.545629734912045]]]}}, {"id": "7", "type": "Feature", "properties": {"canton_id": 7}, "geometry": {"type": "Polygon", "coordinates": [[[0.8698524017040737, 6.5175807306274605], [0.8899759286973337, 6.523453181995759], [0.9335128970854019, 6.521534593419739], [0.9458359782189905, 6.516518430270077], [0.9700214313682383, 6.526521059140058], [0.9627987630448683, 6.509439713294146], [0.9804123008142828, 6.502417161572001], [0.9870132752077321, 6.489414947253622], [0.9695662218749177, 6.473059817700928], [0.9432855503317812, 6.467362804682933], [0.940542311302063, 6.456820583059179], [0.8979083775929675, 6.425270947867881], [0.862404909679409, 6.471950641170077], [0.8831221454663347, 6.492519852992103], [0.8980445512445691, 6.497431261166528], [0.9124320851205178, 6.4961518399203255], [0.9049710388778016, 6.506724254929072], [0.8698524017040737, 6.5175807306274605]]]}}, {"id": "8", "type": "Feature", "properties": {"canton_id": 8}, "geometry": {"type": "Polygon", "coordinates": [[[0.8947343566293174, 6.710923104014381], [0.9273602745730195, 6.687221975498909], [0.9515599795831183, 6.679157347056444], [0.9659824168841533, 6.6597253709598965], [0.9710820820648334, 6.6435130962494275], [0.9680219471291569, 6.6371871556975135], [0.9822593751658127, 6.6336894268072495], [0.9874226521712727, 6.619790654798051], [0.9844553179755164, 6.615211771666059], [0.9952465009446052, 6.61116966922677], [0.980160834593607, 6.6005854786162015], [0.9808342709050912, 6.591088220687421], [0.9726231916868512, 6.576795397842217], [0.9828929926826496, 6.568530825123639], [0.9762593301689775, 6.54889212619943], [0.9853793848554698, 6.546673949258521], [0.9700214313682383, 6.526521059140058], [0.9458359782189905, 6.516518430270077], [0.9335128970854019, 6.521534593419739], [0.8899759286973337, 6.523453181995759], [0.8698524017040737, 6.5175807306274605], [0.8275811266765123, 6.531366314194433], [0.8358718304431223, 6.53863940772666], [0.8330825908492904, 6.556141824713366], [0.7951824214943225, 6.543221100834192], [0.7724672739813327, 6.554934630647202], [0.8138178836677044, 6.577807355744515], [0.8330873121798341, 6.598182543494567], [0.8424498932580436, 6.624609461935746], [0.8784751029411297, 6.659037099492772], [0.8947343566293174, 6.710923104014381]]]}}, {"id": "9", "type": "Feature", "properties": {"canton_id": 9}, "geometry": {"type": "Polygon", "coordinates": [[[0.8330825908492904, 6.556141824713366], [0.8358718304431223, 6.53863940772666], [0.8275811266765123, 6.531366314194433], [0.8953832632882293, 6.506593941422924], [0.9049710388778016, 6.506724254929072], [0.9124320851205178, 6.4961518399203255], [0.8980445512445691, 6.497431261166528], [0.8831221454663347, 6.492519852992103], [0.862404909679409, 6.471950641170077], [0.8979083775929675, 6.425270947867881], [0.8564764873549446, 6.393109234296904], [0.8553915289931473, 6.386644944934393], [0.8350044314384478, 6.398530925059654], [0.7885110383939877, 6.410263255111181], [0.7821069568782344, 6.43456997465227], [0.7487532276594946, 6.445867409096476], [0.7437865443238044, 6.483098978165248], [0.7269200368864391, 6.4900963900803985], [0.719216586860073, 6.502588119401545], [0.7156981524091369, 6.523049524130894], [0.7244167611117563, 6.530701060718513], [0.7493273201496103, 6.537986771099687], [0.772473068324522, 6.554931061397898], [0.7951824214943225, 6.543221100834192], [0.8330825908492904, 6.556141824713366]]]}}, {"id": "10", "type": "Feature", "properties": {"canton_id": 10}, "geometry": {"type": "Polygon", "coordinates": [[[0.8979083775929675, 6.425270947867881], [0.9425829979436721, 6.417246595498503], [0.9716872271151404, 6.388629195400236], [0.960065124274105, 6.3602947710420565], [0.9613205069402072, 6.334799558880735], [0.8931308053573314, 6.334695348166415], [0.8850715510420304, 6.354552601310911], [0.8584643229715458, 6.381299362055605], [0.8564764873549446, 6.393109234296904], [0.8979083775929675, 6.425270947867881]]]}}, {"id": "11", "type": "Feature", "properties": {"canton_id": 11}, "geometry": {"type": "Polygon", "coordinates": [[[1.0199035394452223, 6.325317918532147], [1.0408485767392486, 6.326713485420165], [1.0430275645105835, 6.3177371346827496], [1.078895372419462, 6.293549707526831], [1.070166256912996, 6.2869666924473036], [1.047439301648561, 6.251305594235543], [1.033377776642643, 6.240890983878283], [1.0164399366666823, 6.269165380657655], [1.0060960872813425, 6.300116916789037], [1.0057743174834912, 6.330706752321074], [1.0199035394452223, 6.325317918532147]]]}}, {"id": "12", "type": "Feature", "properties": {"canton_id": 12}, "geometry": {"type": "Polygon", "coordinates": [[[1.0827742235557007, 6.186395279109475], [1.0564485710682388, 6.228883348690777], [1.033377776642643, 6.240890983878283], [1.047439301648561, 6.251305594235543], [1.070166256912996, 6.2869666924473036], [1.078895372419462, 6.293549707526831], [1.086711559376301, 6.293504875364726], [1.0971877952192053, 6.260762234174456], [1.0940660624388003, 6.255023480571524], [1.0974112343537814, 6.2439929434567985], [1.0827742235557007, 6.186395279109475]]]}}, {"id": "13", "type": "Feature", "properties": {"canton_id": 13}, "geometry": {"type": "Polygon", "coordinates": [[[1.0776128155356937, 6.435170977344356], [1.077041964023349, 6.423793153522526], [1.0957461290062382, 6.420906600208505], [1.1001443167444627, 6.414633299092529], [1.0983149672104933, 6.39259026554866], [1.1033465441498105, 6.386959647303308], [1.0942783259745348, 6.382235743862077], [1.097761592386749, 6.376536242684913], [1.0439063357157843, 6.394418943482392], [1.0293265366915474, 6.391262143688821], [1.0307374943672272, 6.380720879023482], [1.0512643097141514, 6.364080461240866], [1.03016540508049, 6.342867654328192], [1.0318023077758909, 6.332710734502061], [1.013966948380098, 6.330065737673613], [1.0028610059894976, 6.334926263451897], [0.9613226607028296, 6.334790226613407], [0.960065124274105, 6.3602947710420565], [0.9769214510935988, 6.397311340399536], [0.9777847621581033, 6.416929875250122], [0.9664722666755393, 6.423254537290823], [0.9687378998833244, 6.435785296650615], [1.021017913565865, 6.4449116544510945], [1.0442085055923596, 6.435808414472046], [1.0776128155356937, 6.435170977344356]]]}}, {"id": "14", "type": "Feature", "properties": {"canton_id": 14}, "geometry": {"type": "Polygon", "coordinates": [[[1.5960824766318382, 6.515703256451481], [1.5783411684420778, 6.488474875726482], [1.5642295555815908, 6.48877980213421], [1.5582454740301799, 6.494856511062052], [1.5239829916348813, 6.569242025916919], [1.5844225917442287, 6.5875955152521355], [1.6263104435176194, 6.582666032061275], [1.614691334549427, 6.566275581285768], [1.6201749310837683, 6.538467613652979], [1.5960824766318382, 6.515703256451481]]]}}, {"id": "15", "type": "Feature", "properties": {"canton_id": 15}, "geometry": {"type": "Polygon", "coordinates": [[[1.6201113815018853, 6.405680144529972], [1.5938496106498194, 6.407649398029621], [1.5726727998858485, 6.453465303027052], [1.571499973087827, 6.475701951036685], [1.590097510024522, 6.508514790856045], [1.6201749310837683, 6.538467613652979], [1.652484339878108, 6.534800640630456], [1.6539231701506043, 6.521821719631966], [1.6357692078819408, 6.516786209553871], [1.6205547515745542, 6.505797050029775], [1.6243381661205256, 6.481669122633199], [1.6393206202874033, 6.464580189902303], [1.6338169650514853, 6.459519021811082], [1.6458300960539152, 6.435834318852991], [1.6201113815018853, 6.405680144529972]]]}}, {"id": "16", "type": "Feature", "properties": {"canton_id": 16}, "geometry": {"type": "Polygon", "coordinates": [[[1.6477783678885254, 6.580252275469593], [1.653233295081, 6.573806265697849], [1.6616517896252638, 6.580925481635071], [1.6674314350343604, 6.576200415786529], [1.664126281815925, 6.571861951004059], [1.657711426806589, 6.574016728288477], [1.639971401323995, 6.55718303053528], [1.6515480205424264, 6.5516358794902585], [1.655690089725136, 6.526376186805888], [1.6548224192587708, 6.513736312948177], [1.660605892723041, 6.5114905684276305], [1.6724643341459577, 6.489540851404072], [1.6393206202874033, 6.464580189902303], [1.6252905365507366, 6.479149689460502], [1.6205547515745542, 6.505797050029775], [1.6357692078819408, 6.516786209553871], [1.6539231701506043, 6.521821719631966], [1.6542096056947, 6.5325984725063], [1.6201749310837683, 6.538467613652979], [1.614691334549427, 6.566275581285768], [1.6263057059432013, 6.582659349403694], [1.6477783678885254, 6.580252275469593]]]}}, {"id": "17", "type": "Feature", "properties": {"canton_id": 17}, "geometry": {"type": "Polygon", "coordinates": [[[1.6674534297384316, 6.406755823929869], [1.6539904931337004, 6.390632155257469], [1.6561533187321327, 6.369931892504249], [1.647046071745416, 6.36070089976332], [1.6074282198738348, 6.361210694630375], [1.6052767355781974, 6.390479783842366], [1.5938496106498194, 6.407649398029621], [1.6201113815018853, 6.405680144529972], [1.6429974403001097, 6.428982678925947], [1.644413063411007, 6.441629056235922], [1.6338169650514853, 6.459519021811082], [1.6724642844014581, 6.489540856700028], [1.7024154263179962, 6.484200053988984], [1.724989707850068, 6.464294669639512], [1.7270234501825832, 6.449090111096384], [1.6921403993709592, 6.442181339094477], [1.6954251229044683, 6.421134120773693], [1.6674534297384316, 6.406755823929869]]]}}, {"id": "18", "type": "Feature", "properties": {"canton_id": 18}, "geometry": {"type": "Polygon", "coordinates": [[[1.7441251751886926, 6.387929141510129], [1.7099519438212283, 6.390022716742427], [1.7088175874138467, 6.376963819977707], [1.682528549839883, 6.370714346357767], [1.6561533187321327, 6.369931892504249], [1.6533909538890805, 6.374613340445938], [1.6539904931337004, 6.390632155257469], [1.6682909623877873, 6.408991868620261], [1.6954251229044683, 6.421134120773693], [1.6921403993709592, 6.442181339094477], [1.7270233941420112, 6.4490901046256965], [1.7266182360363995, 6.436329028443283], [1.7431580851062018, 6.405470400691492], [1.7441251751886926, 6.387929141510129]]]}}, {"id": "19", "type": "Feature", "properties": {"canton_id": 19}, "geometry": {"type": "Polygon", "coordinates": [[[1.657340448071464, 6.573602014940683], [1.668324721094428, 6.564372505716698], [1.6702473883550448, 6.554773240882245], [1.6801286130033022, 6.562889751766425], [1.6859141399570408, 6.550721153799372], [1.6969800899456111, 6.553465784484837], [1.6926233159055604, 6.545626417340178], [1.7015820500066035, 6.537257338842643], [1.7022465798741497, 6.512723854613625], [1.6916120090648663, 6.51846281346031], [1.693784802472603, 6.5029301476883505], [1.7021803885637767, 6.504700292065734], [1.7018697053759384, 6.488499217065703], [1.7290570629313209, 6.464967017168842], [1.7462682488866867, 6.418019141761111], [1.769247511132169, 6.417397278251062], [1.7635917797652034, 6.411669550413746], [1.7652509328361121, 6.405987698032536], [1.7757422559386107, 6.406459392344594], [1.7674380379522365, 6.395791801515025], [1.7726601761170564, 6.393878879925999], [1.7736153535706058, 6.386055899129271], [1.7441251751886926, 6.387929141510129], [1.7431580851062018, 6.405470400691492], [1.7266182360363995, 6.436329028443283], [1.724989707850068, 6.464294669639512], [1.7024154263179962, 6.484200053988984], [1.6724643341459577, 6.489540851404072], [1.660605892723041, 6.5114905684276305], [1.6548224192587708, 6.513736312948177], [1.6515480205424264, 6.5516358794902585], [1.639971401323995, 6.55718303053528], [1.657340448071464, 6.573602014940683]]]}}, {"id": "20", "type": "Feature", "properties": {"canton_id": 20}, "geometry": {"type": "Polygon", "coordinates": [[[1.769247511132169, 6.417397278251062], [1.7462682488866867, 6.418019141761111], [1.7290570629313209, 6.464967017168842], [1.7018697053759384, 6.488499217065703], [1.7111835678329819, 6.503549421086778], [1.7193130342959575, 6.491263232988314], [1.7213870841198897, 6.500344693687773], [1.7305771022120466, 6.5011456028997054], [1.7250044935166484, 6.487915409119501], [1.7380996033460403, 6.485031405270776], [1.7308578421301681, 6.475991586434025], [1.7522930185225305, 6.473798004870289], [1.7458089811495112, 6.462785807159671], [1.75797648731459, 6.459806242832821], [1.7531512238525417, 6.4550258445176], [1.7552065875905787, 6.444150536281506], [1.7786560668953892, 6.425743333632157], [1.7763573669448771, 6.421966365568291], [1.7712286111840343, 6.42454238829128], [1.769247511132169, 6.417397278251062]]]}}, {"id": "21", "type": "Feature", "properties": {"canton_id": 21}, "geometry": {"type": "Polygon", "coordinates": [[[1.2813677502424181, 6.238586425738327], [1.286346635062098, 6.217335574090456], [1.2942822732474355, 6.215934194426812], [1.290064551974405, 6.216674673086143], [1.3048721679621418, 6.201804952649771], [1.2946579028850194, 6.194791325019886], [1.3040978545815565, 6.157540513810677], [1.2904070523688103, 6.14585534687679], [1.2902609173702086, 6.137456708195549], [1.2900305911773975, 6.144846075280865], [1.2800955095028679, 6.140586165683493], [1.2919986268351533, 6.133932037586081], [1.2618166045207713, 6.132615487751515], [1.2382450797824358, 6.125803380843916], [1.23091393926989, 6.1358129740810305], [1.2327246676531043, 6.142411487852853], [1.2419973077999724, 6.149723621750271], [1.2398315407059322, 6.152114744207531], [1.2486031707291456, 6.1552173050727825], [1.2735372461633865, 6.190338441413326], [1.2447108901977817, 6.210967894145598], [1.242727289822848, 6.206414101542907], [1.235535938030927, 6.206180306471556], [1.235961348514461, 6.216454476115836], [1.2576808680652334, 6.257307685022768], [1.2813677502424181, 6.238586425738327]]]}}, {"id": "22", "type": "Feature", "properties": {"canton_id": 22}, "geometry": {"type": "Polygon", "coordinates": [[[1.2447108901977817, 6.210967894145598], [1.2684617086267644, 6.1963424772448645], [1.2735372461633865, 6.190338441413326], [1.2718076187895608, 6.1845415441500045], [1.2486031707291456, 6.1552173050727825], [1.2398315407059322, 6.152114744207531], [1.2419973077999724, 6.149723621750271], [1.2318720460389845, 6.149643373393115], [1.2386385765545251, 6.194595533596413], [1.2447108901977817, 6.210967894145598]]]}}, {"id": "23", "type": "Feature", "properties": {"canton_id": 23}, "geometry": {"type": "Polygon", "coordinates": [[[1.242743275882131, 6.2064146211768785], [1.2318720460389845, 6.149643373393115], [1.2251574929213962, 6.136994871649358], [1.218380322176554, 6.149474829561335], [1.204625589087518, 6.145529263560663], [1.2019297142394296, 6.159342172726182], [1.2074208132907465, 6.160300973911244], [1.201665946718357, 6.174291593577437], [1.2092415613278698, 6.204647771333471], [1.242743275882131, 6.2064146211768785]]]}}, {"id": "24", "type": "Feature", "properties": {"canton_id": 24}, "geometry": {"type": "Polygon", "coordinates": [[[1.2019297142394296, 6.159342172726182], [1.204625589087518, 6.145529263560663], [1.218380322176554, 6.149474829561335], [1.2221221702951008, 6.1369130272566235], [1.230035318371828, 6.149474863695373], [1.2366345732977562, 6.1484640445438625], [1.23091393926989, 6.1358129740810305], [1.2382522061771124, 6.125796333355516], [1.1981645663043887, 6.1117729870163915], [1.1982670886416995, 6.16746081931513], [1.2074208132907465, 6.160300973911244], [1.2019297142394296, 6.159342172726182]]]}}, {"id": "25", "type": "Feature", "properties": {"canton_id": 25}, "geometry": {"type": "Polygon", "coordinates": [[[1.1525643830614196, 6.214987165865092], [1.161658456688331, 6.2075805082442015], [1.1647357139296353, 6.2122552898542995], [1.1831414537263494, 6.203594989895707], [1.1899998301460355, 6.205671594995991], [1.2079866893143882, 6.19410231168917], [1.2024339057535605, 6.167225208652139], [1.1894069271551833, 6.16785106927159], [1.1639567392580306, 6.184011274012336], [1.1449201488780132, 6.203790858266952], [1.1525643830614196, 6.214987165865092]]]}}, {"id": "26", "type": "Feature", "properties": {"canton_id": 26}, "geometry": {"type": "Polygon", "coordinates": [[[1.3089194943584896, 6.1946416058086715], [1.3178812247901386, 6.194641609110621], [1.328463700562173, 6.203532362346494], [1.35251102738039, 6.198069084108323], [1.3838634210611194, 6.206886158109128], [1.3855024786340977, 6.178026463480119], [1.298170378900048, 6.149962032729041], [1.296809300297334, 6.154606227632466], [1.3040978545815565, 6.157540513810677], [1.2946579028850194, 6.194791325019886], [1.3048721679621418, 6.201804952649771], [1.290064551974405, 6.216674673086143], [1.3079237776406756, 6.202967944120558], [1.3089194943584896, 6.1946416058086715]]]}}, {"id": "27", "type": "Feature", "properties": {"canton_id": 27}, "geometry": {"type": "Polygon", "coordinates": [[[1.1449201488780132, 6.203790858266952], [1.1639567392580306, 6.184011274012336], [1.1894069271551833, 6.16785106927159], [1.0824880472843865, 6.16799485730417], [1.082526591870885, 6.185743919361527], [1.0935211971661267, 6.228419365149831], [1.1220300867395057, 6.223783504169608], [1.1503918600760417, 6.212835921752539], [1.1449201488780132, 6.203790858266952]]]}}, {"id": "28", "type": "Feature", "properties": {"canton_id": 28}, "geometry": {"type": "Polygon", "coordinates": [[[1.6008429036979381, 6.241560260060769], [1.5991424080632732, 6.231647607940867], [1.606534661086497, 6.22864544924074], [1.5671471598099684, 6.221144317952935], [1.5615817360793272, 6.241474711709248], [1.575595730470762, 6.243149292079515], [1.5832172947012588, 6.2529664013646356], [1.6008429036979381, 6.241560260060769]]]}}, {"id": "29", "type": "Feature", "properties": {"canton_id": 29}, "geometry": {"type": "Polygon", "coordinates": [[[1.5920733068263653, 6.286758353564143], [1.6132156654619467, 6.282537164218855], [1.6141044333854788, 6.269767522552057], [1.633675575880148, 6.258880111833418], [1.6516762907719886, 6.26476274190291], [1.6576129889244775, 6.259766852221025], [1.6554406099522423, 6.2505504476021025], [1.6445419966092487, 6.244335992624788], [1.6372029846849956, 6.247917003900226], [1.6008429036979381, 6.241560260060769], [1.5679594712992695, 6.2634208361546015], [1.56176423911113, 6.285164621505782], [1.5863098023923972, 6.296538384736386], [1.5920733068263653, 6.286758353564143]]]}}, {"id": "30", "type": "Feature", "properties": {"canton_id": 30}, "geometry": {"type": "Polygon", "coordinates": [[[1.636837685656709, 6.236299320725918], [1.5991424080632732, 6.231647607940867], [1.6008429036979381, 6.241560260060769], [1.635616339646337, 6.247742951200023], [1.636837685656709, 6.236299320725918]]]}}, {"id": "31", "type": "Feature", "properties": {"canton_id": 31}, "geometry": {"type": "Polygon", "coordinates": [[[1.7099519438212283, 6.390022716742427], [1.7846598864180856, 6.382673862880676], [1.782077702530666, 6.3710302919908965], [1.7866981642940662, 6.35076215821881], [1.7797664782121827, 6.344068696006162], [1.786986752346967, 6.340382700077054], [1.784151131891228, 6.33271766651413], [1.7915729756149883, 6.333777358450976], [1.796579375862311, 6.32109076570986], [1.7950727392168624, 6.31093418392817], [1.787811593445696, 6.307849115126401], [1.8079792556256191, 6.286420136030641], [1.800535105683198, 6.28751740200162], [1.7961085850244574, 6.280420220085434], [1.7896915931314938, 6.280180869853802], [1.7826269916721815, 6.2880869422684], [1.7423750011273331, 6.289986859878602], [1.7104968610145346, 6.298000666721834], [1.702655589332329, 6.304137063772184], [1.7059498294024564, 6.308529142457828], [1.6855868598542127, 6.3367862552018925], [1.6927507836614397, 6.346897833805042], [1.682528549839883, 6.370714346357767], [1.7088175874138467, 6.376963819977707], [1.7099519438212283, 6.390022716742427]]]}}, {"id": "32", "type": "Feature", "properties": {"canton_id": 32}, "geometry": {"type": "Polygon", "coordinates": [[[1.7104968610145346, 6.298000666721834], [1.777651985992843, 6.286363728886501], [1.775239287765328, 6.281277472250084], [1.770666043006878, 6.283422911574856], [1.7694477286780397, 6.278109518317753], [1.774838248176444, 6.277578930215628], [1.767167484520086, 6.27773352728207], [1.7671578453879382, 6.272891594872937], [1.746983427493545, 6.272986556157926], [1.731052130440836, 6.26327967635387], [1.6984787205195624, 6.260104369043219], [1.688844078438135, 6.254325133205448], [1.6811248969294081, 6.256533878991735], [1.674619245290204, 6.2510062969920535], [1.6648842194645193, 6.253034010353731], [1.6589874519686987, 6.249048674340664], [1.6554413180080383, 6.250556305265914], [1.6576129889244775, 6.259766852221025], [1.6516762907719886, 6.26476274190291], [1.6434940440776105, 6.26208887189429], [1.6670803401476753, 6.286031374678437], [1.692115410128455, 6.2912969893716], [1.702655589332329, 6.304137063772184], [1.7104968610145346, 6.298000666721834]]]}}, {"id": "33", "type": "Feature", "properties": {"canton_id": 33}, "geometry": {"type": "Polygon", "coordinates": [[[1.453384157044456, 6.223861476392748], [1.5185142198963404, 6.22928801976017], [1.5615817360793272, 6.241474711709248], [1.5671471598099684, 6.221144317952935], [1.3855031081297673, 6.178019397593464], [1.3828466306639162, 6.201303007325655], [1.3928651120452558, 6.235983482741337], [1.3913642660484433, 6.273546981350998], [1.453384157044456, 6.223861476392748]]]}}, {"id": "34", "type": "Feature", "properties": {"canton_id": 34}, "geometry": {"type": "Polygon", "coordinates": [[[1.6074282198738348, 6.361210694630375], [1.6369951694545593, 6.361088992073951], [1.6354559018040162, 6.354583786452052], [1.6169802460914844, 6.331129609120921], [1.618657146743943, 6.3149093563048835], [1.6081625340184367, 6.310970373205129], [1.5993486822845664, 6.314750546033077], [1.593857012695253, 6.352509666485615], [1.6074282198738348, 6.361210694630375]]]}}, {"id": "35", "type": "Feature", "properties": {"canton_id": 35}, "geometry": {"type": "Polygon", "coordinates": [[[1.7059498294024564, 6.308529142457828], [1.692115410128455, 6.2912969893716], [1.6667419836450457, 6.285997651311639], [1.6167557330691382, 6.296582436768469], [1.6169820144420568, 6.303386622044992], [1.6371064654075993, 6.330572679951333], [1.648450838587507, 6.329013452224886], [1.6560805139347021, 6.338892484116083], [1.6328374321505283, 6.343577966310296], [1.6301293881168288, 6.3499915612879745], [1.6369951694545593, 6.361088992073951], [1.647046071745416, 6.36070089976332], [1.6561533187321327, 6.369931892504249], [1.682528549839883, 6.370714346357767], [1.6927507836614397, 6.346897833805042], [1.6855868598542127, 6.3367862552018925], [1.7059498294024564, 6.308529142457828]]]}}, {"id": "36", "type": "Feature", "properties": {"canton_id": 36}, "geometry": {"type": "Polygon", "coordinates": [[[1.6434940440776105, 6.26208887189429], [1.633675575880148, 6.258880111833418], [1.6141044333854788, 6.269767522552057], [1.6132156654619467, 6.282537164218855], [1.5920733068263653, 6.286758353564143], [1.5863098023923972, 6.296538384736386], [1.5993486822845664, 6.314750546033077], [1.6081625340184367, 6.310970373205129], [1.618657146743943, 6.3149093563048835], [1.6169802460914844, 6.331129609120921], [1.6301293881168288, 6.3499915612879745], [1.6328374321505283, 6.343577966310296], [1.6560805139347021, 6.338892484116083], [1.648450838587507, 6.329013452224886], [1.6371064654075993, 6.330572679951333], [1.6169820144420568, 6.303386622044992], [1.6167557330691382, 6.296582436768469], [1.6670803401476753, 6.286031374678437], [1.6434940440776105, 6.26208887189429]]]}}, {"id": "37", "type": "Feature", "properties": {"canton_id": 37}, "geometry": {"type": "Polygon", "coordinates": [[[1.444185526452908, 6.341370856559076], [1.465461955264175, 6.362537316501853], [1.4692336997265163, 6.390531648550125], [1.4908004309630043, 6.395200136459202], [1.4944857415815043, 6.400517615364776], [1.5228886852346526, 6.39577156413658], [1.5403028354769164, 6.405123601787739], [1.5515004822593177, 6.393461837723307], [1.5539325989375443, 6.3840274918078315], [1.545351855470886, 6.375580329644695], [1.553029430681695, 6.370665359409386], [1.555521101491484, 6.361909914190224], [1.546906564652683, 6.346358730706308], [1.5829528768348462, 6.313938466843799], [1.5981259088715343, 6.316816610368447], [1.599130243221415, 6.3109716469101125], [1.5863098023923972, 6.296538384736386], [1.56176423911113, 6.285164621505782], [1.532941992523285, 6.284273245517328], [1.502142589210066, 6.268067236071052], [1.477351268105789, 6.292386715593129], [1.448074477194584, 6.329874658551541], [1.4490872626939968, 6.336649737716775], [1.444185526452908, 6.341370856559076]]]}}, {"id": "38", "type": "Feature", "properties": {"canton_id": 38}, "geometry": {"type": "Polygon", "coordinates": [[[1.590068283269417, 6.400005904791062], [1.5996697933503898, 6.398759338431568], [1.6052767355781974, 6.390479783842366], [1.6074282198738348, 6.361210694630375], [1.593857012695253, 6.352509666485615], [1.5981259088715343, 6.316816610368447], [1.5829528768348462, 6.313938466843799], [1.546906564652683, 6.346358730706308], [1.555521101491484, 6.361909914190224], [1.553029430681695, 6.370665359409386], [1.545351855470886, 6.375580329644695], [1.565742850929025, 6.380176754881147], [1.57167302641245, 6.393707193573311], [1.5694192229168569, 6.405641333965347], [1.5812548106957738, 6.408497318612282], [1.590068283269417, 6.400005904791062]]]}}, {"id": "39", "type": "Feature", "properties": {"canton_id": 39}, "geometry": {"type": "Polygon", "coordinates": [[[1.5425300624839264, 6.235947289425666], [1.4519166227491385, 6.223866794524716], [1.3986698148123542, 6.267489678184789], [1.477351268105789, 6.292386715593129], [1.497425469786876, 6.270546990109421], [1.5307849005666954, 6.249360434433605], [1.5425300624839264, 6.235947289425666]]]}}, {"id": "40", "type": "Feature", "properties": {"canton_id": 40}, "geometry": {"type": "Polygon", "coordinates": [[[1.502142589210066, 6.268067236071052], [1.532941992523285, 6.284273245517328], [1.56176423911113, 6.285164621505782], [1.5679594712992695, 6.2634208361546015], [1.5832172947012588, 6.2529664013646356], [1.575595730470762, 6.243149292079515], [1.5425300624839264, 6.235947289425666], [1.5307849005666954, 6.249360434433605], [1.502142589210066, 6.268067236071052]]]}}, {"id": "41", "type": "Feature", "properties": {"canton_id": 41}, "geometry": {"type": "Polygon", "coordinates": [[[1.4047660307614556, 6.497280550597738], [1.4419486047477552, 6.560525956331431], [1.4982498222212555, 6.5671181795861004], [1.5163636526004831, 6.509323864552067], [1.5397662566214965, 6.493113101522389], [1.5398132165923637, 6.4707600406391], [1.5307455534477103, 6.4624035494980685], [1.5299143877205195, 6.449801485392443], [1.5384843792118115, 6.4258588934637935], [1.5332118652081241, 6.413157332798077], [1.5403359762032962, 6.405095814629274], [1.5228886852346526, 6.39577156413658], [1.4944857415815043, 6.400517615364776], [1.4908004309630043, 6.395200136459202], [1.4711057137787003, 6.391137697835838], [1.4674916397383753, 6.393959699721311], [1.4831109463862253, 6.419204861754345], [1.4763664781762533, 6.423650737881765], [1.466483624398155, 6.444828332552921], [1.4739413417143614, 6.464981883338391], [1.4047660307614556, 6.497280550597738]]]}}, {"id": "42", "type": "Feature", "properties": {"canton_id": 42}, "geometry": {"type": "Polygon", "coordinates": [[[1.571499973087827, 6.475701951036685], [1.5726727998858485, 6.453465303027052], [1.5868507535400622, 6.418394265608046], [1.6052767355781974, 6.390479783842366], [1.5996697933503898, 6.398759338431568], [1.5930358294375637, 6.397561142395695], [1.5812548106957738, 6.408497318612282], [1.5761217375525198, 6.40769632496592], [1.5694192229168569, 6.405641333965347], [1.57167302641245, 6.393707193573311], [1.565742850929025, 6.380176754881147], [1.545351855470886, 6.375580329644695], [1.5539325989375443, 6.3840274918078315], [1.5515004822593177, 6.393461837723307], [1.5332118652081241, 6.413157332798077], [1.5384843792118115, 6.4258588934637935], [1.5299143877205195, 6.449801485392443], [1.5307455534477103, 6.4624035494980685], [1.5642876446874472, 6.461842688907229], [1.563888542093809, 6.47414636833424], [1.5570350715148737, 6.48018387343743], [1.561574496791026, 6.491189668255912], [1.5783411684420778, 6.488474875726482], [1.571499973087827, 6.475701951036685]]]}}, {"id": "43", "type": "Feature", "properties": {"canton_id": 43}, "geometry": {"type": "Polygon", "coordinates": [[[1.4982498222212555, 6.5671181795861004], [1.5239829916348813, 6.569242025916919], [1.561574496791026, 6.491189668255912], [1.5570350715148737, 6.48018387343743], [1.563888542093809, 6.47414636833424], [1.5642876446874472, 6.461842688907229], [1.5307455534477103, 6.4624035494980685], [1.5398132165923637, 6.4707600406391], [1.5397662566214965, 6.493113101522389], [1.5163636526004831, 6.509323864552067], [1.4982498222212555, 6.5671181795861004]]]}}, {"id": "44", "type": "Feature", "properties": {"canton_id": 44}, "geometry": {"type": "Polygon", "coordinates": [[[1.3809175988106324, 6.3286972157534676], [1.4135331174105341, 6.346707839630683], [1.4280233897667574, 6.347693004984018], [1.4490872626939968, 6.336649737716775], [1.448074477194584, 6.329874658551541], [1.477351268105789, 6.292386715593129], [1.3986698148123542, 6.267489678184789], [1.3786563866113144, 6.29259835059685], [1.386920159175471, 6.306242087563534], [1.378199818643624, 6.317222920853777], [1.3809175988106324, 6.3286972157534676]]]}}, {"id": "45", "type": "Feature", "properties": {"canton_id": 45}, "geometry": {"type": "Polygon", "coordinates": [[[1.3694155815871107, 6.4223295528932205], [1.3872337270655686, 6.422695061314761], [1.4132233927757183, 6.41074417386891], [1.4104659210428019, 6.386162377048427], [1.4382062685114512, 6.368152605121381], [1.4328059223015102, 6.3441488399360635], [1.4135331174105341, 6.346707839630683], [1.3953145396916748, 6.334866482538319], [1.3767681538705194, 6.330535023194771], [1.3785920267165002, 6.36400793496962], [1.3844963482830261, 6.378038395358932], [1.3676580634028481, 6.398743423128671], [1.3694155815871107, 6.4223295528932205]]]}}, {"id": "46", "type": "Feature", "properties": {"canton_id": 46}, "geometry": {"type": "Polygon", "coordinates": [[[1.3663355820428413, 6.449464528575322], [1.3841836493588384, 6.462264955953658], [1.4047660307614556, 6.497280550597738], [1.4739413417143614, 6.464981883338391], [1.466483624398155, 6.444828332552921], [1.4763664781762533, 6.423650737881765], [1.4831109463862253, 6.419204861754345], [1.4674916397383753, 6.393959699721311], [1.4711057137787003, 6.391137697835838], [1.465461955264175, 6.362537316501853], [1.444185526452908, 6.341370856559076], [1.4328059223015102, 6.3441488399360635], [1.4382062685114512, 6.368152605121381], [1.4104659210428019, 6.386162377048427], [1.4132233927757183, 6.41074417386891], [1.3872337270655686, 6.422695061314761], [1.3694155815871107, 6.4223295528932205], [1.3739202482219743, 6.4409832115474535], [1.3663355820428413, 6.449464528575322]]]}}, {"id": "47", "type": "Feature", "properties": {"canton_id": 47}, "geometry": {"type": "Polygon", "coordinates": [[[1.5195782801478763, 6.610991828844718], [1.538422789759495, 6.573349183460277], [1.4419486047477552, 6.560525956331431], [1.4279858256070197, 6.565121186329427], [1.4484013659033923, 6.621815521406329], [1.5019182570698602, 6.620858747738194], [1.5195782801478763, 6.610991828844718]]]}}, {"id": "48", "type": "Feature", "properties": {"canton_id": 48}, "geometry": {"type": "Polygon", "coordinates": [[[1.5119758351923007, 6.65315267439375], [1.5521670926850106, 6.663225850668987], [1.5611103666635797, 6.6571309170481445], [1.5438222461266797, 6.63118029289538], [1.5482300408100151, 6.618906855267029], [1.5270985321619464, 6.608377408308126], [1.5019182570698602, 6.620858747738194], [1.4484013659033923, 6.621815521406329], [1.4618271526602147, 6.663124296388621], [1.5119758351923007, 6.65315267439375]]]}}, {"id": "49", "type": "Feature", "properties": {"canton_id": 49}, "geometry": {"type": "Polygon", "coordinates": [[[1.4581330666737626, 6.799750049246431], [1.4751103823753655, 6.775284824294293], [1.4934974749192358, 6.778286438569365], [1.5013765217227877, 6.775511373572652], [1.5005771468377695, 6.768558551658741], [1.4821422869677214, 6.765472660826452], [1.4698926512032995, 6.74554880829252], [1.4479141832258646, 6.73370265455935], [1.4148193941047305, 6.726067153324477], [1.4067417767207875, 6.715905397965748], [1.418466126470971, 6.703104989868587], [1.4584164971129028, 6.679485421814497], [1.4618271526602147, 6.663124296388621], [1.448920901252112, 6.623599206138225], [1.3920676339693512, 6.638090702109823], [1.3583284505229192, 6.655693964873564], [1.357310347104668, 6.685999931164364], [1.3664094532258615, 6.6933662709132875], [1.350952165061429, 6.739261092236869], [1.3069393001629175, 6.748521539726224], [1.288417297323597, 6.743799639892631], [1.2529434292095483, 6.756307978172706], [1.3044478896639267, 6.80526900296824], [1.39526557886599, 6.856753406420392], [1.4366182862631394, 6.858204752344031], [1.465120164006231, 6.851358233154251], [1.4671234583915733, 6.8272899662880615], [1.4581330666737626, 6.799750049246431]]]}}, {"id": "50", "type": "Feature", "properties": {"canton_id": 50}, "geometry": {"type": "Polygon", "coordinates": [[[1.553919741777719, 6.621441866758419], [1.5654892681026817, 6.606987852884348], [1.5969632821444724, 6.6037595177052255], [1.5983695343111286, 6.597027310337591], [1.6121992560242517, 6.5920317160247155], [1.637807805647392, 6.59232870286802], [1.646466281556006, 6.580621885185571], [1.5844225917442287, 6.5875955152521355], [1.538422789759495, 6.573349183460277], [1.5195782801478763, 6.610991828844718], [1.5270985321619464, 6.608377408308126], [1.553919741777719, 6.621441866758419]]]}}, {"id": "51", "type": "Feature", "properties": {"canton_id": 51}, "geometry": {"type": "Polygon", "coordinates": [[[1.2970195559108884, 6.59398648714686], [1.3343685253474327, 6.603629941353045], [1.3579091670937946, 6.594384323903759], [1.3731007849686991, 6.5666341415868725], [1.405685866098251, 6.572459175749788], [1.4419486047477552, 6.560525956331431], [1.3841836493588384, 6.462264955953658], [1.3663355820428413, 6.449464528575322], [1.3552913374356912, 6.459534762874533], [1.3387220769043384, 6.504639872723307], [1.305063317172815, 6.539604987187193], [1.3103970959155322, 6.558106845649437], [1.3059039743668532, 6.560655719032494], [1.2970195559108884, 6.59398648714686]]]}}, {"id": "52", "type": "Feature", "properties": {"canton_id": 52}, "geometry": {"type": "Polygon", "coordinates": [[[1.3445596017706807, 6.599627577643831], [1.3548302958037328, 6.608674433446925], [1.3875936410035423, 6.6153098183483205], [1.4091840865702905, 6.634570790725152], [1.448920901252112, 6.623599206138225], [1.4279858256070197, 6.565121186329427], [1.405685866098251, 6.572459175749788], [1.3731007849686991, 6.5666341415868725], [1.3579091670937946, 6.594384323903759], [1.3445596017706807, 6.599627577643831]]]}}, {"id": "53", "type": "Feature", "properties": {"canton_id": 53}, "geometry": {"type": "Polygon", "coordinates": [[[1.2529434292095483, 6.756307978172706], [1.288417297323597, 6.743799639892631], [1.3069393001629175, 6.748521539726224], [1.350952165061429, 6.739261092236869], [1.3664094532258615, 6.6933662709132875], [1.357310347104668, 6.685999931164364], [1.3583284505229192, 6.655693964873564], [1.3920676339693512, 6.638090702109823], [1.4091840865702905, 6.634570790725152], [1.3875936410035423, 6.6153098183483205], [1.3548302958037328, 6.608674433446925], [1.3445596017706807, 6.599627577643831], [1.3343685253474327, 6.603629941353045], [1.2970195559108884, 6.59398648714686], [1.2897494322945455, 6.597898671235341], [1.2887743264012674, 6.609256724417579], [1.2947873239097751, 6.614611277856443], [1.2918521751277554, 6.63268503669068], [1.2985151882904216, 6.642014909883324], [1.3062196546127487, 6.671741235186661], [1.3028640194847747, 6.684356133418246], [1.2900580962469492, 6.683341362280756], [1.2626198604304106, 6.698221572683394], [1.2588062686219863, 6.694604290216599], [1.2513695710735624, 6.703361968762502], [1.246157577613977, 6.699935057484721], [1.2443091744913077, 6.712347762770039], [1.2395101735400025, 6.70892081799231], [1.2259997397964337, 6.71935918387107], [1.2350890314020353, 6.724245686048759], [1.2329279574338543, 6.727038055878872], [1.2417629759540971, 6.726213007008569], [1.243914392335785, 6.733390474235902], [1.2375440680993859, 6.741289037379938], [1.2529434292095483, 6.756307978172706]]]}}, {"id": "54", "type": "Feature", "properties": {"canton_id": 54}, "geometry": {"type": "Polygon", "coordinates": [[[1.4893198669136927, 6.732208145253845], [1.499916085435175, 6.709024626631571], [1.5290174682934825, 6.696466798170865], [1.5403743216996075, 6.676300778207599], [1.5360511737854443, 6.66899959354247], [1.53866897654014, 6.6616987357025295], [1.5119758351923007, 6.65315267439375], [1.4618271526602147, 6.663124296388621], [1.4584164971129028, 6.679485421814497], [1.418466126470971, 6.703104989868587], [1.4067417767207875, 6.715905397965748], [1.4148193941047305, 6.726067153324477], [1.4479141832258646, 6.73370265455935], [1.4698926512032995, 6.74554880829252], [1.4893198669136927, 6.732208145253845]]]}}, {"id": "55", "type": "Feature", "properties": {"canton_id": 55}, "geometry": {"type": "Polygon", "coordinates": [[[1.585265413103442, 6.909183868009326], [1.6057778640455151, 6.905436178059489], [1.606593985393913, 6.878793510116945], [1.5971037389315474, 6.86764898886502], [1.6009129191572902, 6.853080333512009], [1.5438178189842957, 6.852592517397706], [1.5294632207211043, 6.82080126855412], [1.561130633363979, 6.779899456973303], [1.5570420656749222, 6.747281534150482], [1.5379371274913487, 6.7438254859398645], [1.5364516909401247, 6.756129158695891], [1.5232285692233705, 6.757935454937957], [1.514501839870519, 6.745890506686522], [1.4893198669136927, 6.732208145253845], [1.4698926512032995, 6.74554880829252], [1.4821422869677214, 6.765472660826452], [1.5005771468377695, 6.768558551658741], [1.5013765217227877, 6.775511373572652], [1.4751103823753655, 6.775284824294293], [1.4581330666737626, 6.799750049246431], [1.4671234583915733, 6.8272899662880615], [1.465120164006231, 6.851358233154251], [1.4805506446900702, 6.847640603484759], [1.5029352341330802, 6.871865045289526], [1.585265413103442, 6.909183868009326]]]}}, {"id": "56", "type": "Feature", "properties": {"canton_id": 56}, "geometry": {"type": "Polygon", "coordinates": [[[1.6009129191572902, 6.853080333512009], [1.5980504810217306, 6.830240250875189], [1.6124545857400467, 6.825873625673131], [1.6021291097204569, 6.818478045188406], [1.5941323325848114, 6.79964986802999], [1.6128036103650027, 6.790744494878381], [1.6087803919999242, 6.77059255014796], [1.5868496754669135, 6.747372499015909], [1.5570420656749222, 6.747281534150482], [1.561130633363979, 6.779899456973303], [1.5294632207211043, 6.82080126855412], [1.5438178189842957, 6.852592517397706], [1.6009129191572902, 6.853080333512009]]]}}, {"id": "57", "type": "Feature", "properties": {"canton_id": 57}, "geometry": {"type": "Polygon", "coordinates": [[[1.6087952194552317, 6.770505161501117], [1.6143180167486808, 6.764354675983141], [1.6254358634136754, 6.762166540178086], [1.6158601479555583, 6.753161532250027], [1.622258459231057, 6.735919843795439], [1.6034210301926664, 6.732208262897405], [1.5972655732968293, 6.720317359823554], [1.5976977007474074, 6.727504567052306], [1.5913071879459415, 6.728391423081656], [1.588456256971783, 6.710514447760437], [1.59299357736985, 6.702671912992193], [1.5745599567446176, 6.68860652432877], [1.5799961884306244, 6.682980147163599], [1.586377817655513, 6.684970153085989], [1.5880230434160731, 6.673504631391224], [1.5962460343231402, 6.67340191040774], [1.5869750057014225, 6.662726017717453], [1.5653575474488721, 6.669156613820749], [1.5536677637992349, 6.662203152463044], [1.53866897654014, 6.6616987357025295], [1.5360511737854443, 6.66899959354247], [1.5403743216996075, 6.676300778207599], [1.5290174682934825, 6.696466798170865], [1.499916085435175, 6.709024626631571], [1.4893198669136927, 6.732208145253845], [1.514501839870519, 6.745890506686522], [1.5232285692233705, 6.757935454937957], [1.5364516909401247, 6.756129158695891], [1.5379371274913487, 6.7438254859398645], [1.5868496754669135, 6.747372499015909], [1.6087952194552317, 6.770505161501117]]]}}, {"id": "58", "type": "Feature", "properties": {"canton_id": 58}, "geometry": {"type": "Polygon", "coordinates": [[[1.5962847178039343, 6.673320010223662], [1.6071579473397613, 6.663260556813544], [1.6034677328704876, 6.6568763520049], [1.6066680085956386, 6.652284846806507], [1.6147472640297178, 6.650298675474694], [1.6114055366627191, 6.643456685954646], [1.6013343878053503, 6.643787953660409], [1.60640357657382, 6.631668475718938], [1.6029760597425802, 6.624534825553498], [1.611033804552313, 6.6256362636227735], [1.609943239407522, 6.612067168112606], [1.6229577587403434, 6.600980131440906], [1.635516457180535, 6.59992342868711], [1.637807805647392, 6.59232870286802], [1.6121992560242517, 6.5920317160247155], [1.5983695343111286, 6.597027310337591], [1.5969632821444724, 6.6037595177052255], [1.5654892681026817, 6.606987852884348], [1.553919741777719, 6.621441866758419], [1.5482300408100151, 6.618906855267029], [1.5444961893769655, 6.625719099137509], [1.5438222461266797, 6.63118029289538], [1.550411189608983, 6.637649579316365], [1.5479374404281943, 6.642304630325451], [1.5611103666635797, 6.6571309170481445], [1.5536677637992349, 6.662203152463044], [1.5593260250609127, 6.667537260635583], [1.5869750057014225, 6.662726017717453], [1.5962847178039343, 6.673320010223662]]]}}, {"id": "59", "type": "Feature", "properties": {"canton_id": 59}, "geometry": {"type": "Polygon", "coordinates": [[[1.1445098635512159, 6.556147209628248], [1.2179429901110603, 6.526077544530761], [1.2313710967389455, 6.507003309374773], [1.2590772486554074, 6.411873009052462], [1.1914922859257235, 6.394736158325029], [1.1708840702098031, 6.404641874548409], [1.1929138194612081, 6.441644092993821], [1.182104270043939, 6.512289100663688], [1.149214349038083, 6.545835574069933], [1.1445098635512159, 6.556147209628248]]]}}, {"id": "60", "type": "Feature", "properties": {"canton_id": 60}, "geometry": {"type": "Polygon", "coordinates": [[[1.2296810838633583, 6.4057332342325495], [1.2263048012103235, 6.361580664872085], [1.2050714473940667, 6.359456103770098], [1.1890696663116025, 6.308336515332424], [1.1921357171524272, 6.298575805958393], [1.1753903838026927, 6.297029703705078], [1.1525842257286714, 6.313622926253216], [1.1485495327130955, 6.327764123905099], [1.120477197363488, 6.356965541730138], [1.1683603294039693, 6.386544265088763], [1.1746547442843323, 6.402829532163903], [1.1914922859257235, 6.394736158325029], [1.2296810838633583, 6.4057332342325495]]]}}, {"id": "61", "type": "Feature", "properties": {"canton_id": 61}, "geometry": {"type": "Polygon", "coordinates": [[[1.1445098635512159, 6.556147209628248], [1.149214349038083, 6.545835574069933], [1.182104270043939, 6.512289100663688], [1.1929138194612081, 6.441644092993821], [1.187099257530473, 6.435018248722834], [1.1776308093564045, 6.449382473184608], [1.1426848385047066, 6.463052319676903], [1.1111523671502297, 6.4526177657386965], [1.0869662160713067, 6.471078272093489], [1.0646307594300177, 6.468442522739403], [1.062117509499489, 6.474886840831176], [1.054549185278793, 6.475000933227708], [1.0601769853513914, 6.486726564051624], [1.0327101737570987, 6.517777304575831], [1.0663393404414139, 6.537189532657157], [1.1445098635512159, 6.556147209628248]]]}}, {"id": "62", "type": "Feature", "properties": {"canton_id": 62}, "geometry": {"type": "Polygon", "coordinates": [[[1.333271277150975, 6.290837066245546], [1.371421494186996, 6.279766931218015], [1.3713609839066587, 6.288738681956181], [1.3786563866113144, 6.29259835059685], [1.3913642660484433, 6.273546981350998], [1.3928651120452558, 6.235983482741337], [1.3838634210611194, 6.206886158109128], [1.35251102738039, 6.198069084108323], [1.328463700562173, 6.203532362346494], [1.3178812247901386, 6.194641609110621], [1.3089194943584896, 6.1946416058086715], [1.3079237776406756, 6.202967944120558], [1.295227922983345, 6.215768167308644], [1.301095340980368, 6.233804337009602], [1.281690931257354, 6.265875891409749], [1.279294758572544, 6.2807444608589185], [1.2705900818960125, 6.290470213463405], [1.2819425493921293, 6.293541679132948], [1.333271277150975, 6.290837066245546]]]}}, {"id": "63", "type": "Feature", "properties": {"canton_id": 63}, "geometry": {"type": "Polygon", "coordinates": [[[1.2511410411707824, 6.277230191220377], [1.2807352916272705, 6.271805954322648], [1.301095340980368, 6.233804337009602], [1.295227922983345, 6.215768167308644], [1.286346635062098, 6.217335574090456], [1.2813677502424181, 6.238586425738327], [1.2687836930834178, 6.2519344711236045], [1.2513984182908287, 6.261580916485391], [1.2511410411707824, 6.277230191220377]]]}}, {"id": "64", "type": "Feature", "properties": {"canton_id": 64}, "geometry": {"type": "Polygon", "coordinates": [[[1.3844963482830261, 6.378038395358932], [1.3751413168024809, 6.332549278196358], [1.3816489763327733, 6.326506582809028], [1.3778745754519852, 6.320723726357587], [1.3799568791870636, 6.3107903535881515], [1.386920159175471, 6.306242087563534], [1.3713609839066587, 6.288738681956181], [1.371421494186996, 6.279766931218015], [1.333271277150975, 6.290837066245546], [1.287149344840969, 6.2926722417982415], [1.2929972742478537, 6.3154278133887445], [1.319335895119203, 6.317666746851946], [1.3205643504796272, 6.323477852437234], [1.3184376726154396, 6.355899546143049], [1.3028609213345281, 6.376862073681943], [1.3213875411149867, 6.388568119560189], [1.374121690653949, 6.392695819520065], [1.3844963482830261, 6.378038395358932]]]}}, {"id": "65", "type": "Feature", "properties": {"canton_id": 65}, "geometry": {"type": "Polygon", "coordinates": [[[1.2929972742478537, 6.3154278133887445], [1.287149344840969, 6.2926722417982415], [1.2705900818960125, 6.290470213463405], [1.279294758572544, 6.2807444608589185], [1.2807352916272705, 6.271805954322648], [1.2511410411707824, 6.277230191220377], [1.256755257961897, 6.309831692818799], [1.2489260229493786, 6.353456921898083], [1.2332615131609665, 6.354298175946027], [1.2263048012103235, 6.361580664872085], [1.2296810838633583, 6.4057332342325495], [1.2590772486554074, 6.411873009052462], [1.2947071336453362, 6.387834030826861], [1.3184376726154396, 6.355899546143049], [1.319335895119203, 6.317666746851946], [1.2929972742478537, 6.3154278133887445]]]}}, {"id": "66", "type": "Feature", "properties": {"canton_id": 66}, "geometry": {"type": "Polygon", "coordinates": [[[1.3059039743668532, 6.560655719032494], [1.3103970959155322, 6.558106845649437], [1.305063317172815, 6.539604987187193], [1.3387220769043384, 6.504639872723307], [1.3552913374356912, 6.459534762874533], [1.3722535946080512, 6.4456913663197986], [1.3676580634028481, 6.398743423128671], [1.374121690653949, 6.392695819520065], [1.3213875411149867, 6.388568119560189], [1.3028609213345281, 6.376862073681943], [1.2947071336453362, 6.387834030826861], [1.2590772486554074, 6.411873009052462], [1.2313710967389455, 6.507003309374773], [1.2179429901110603, 6.526077544530761], [1.3059039743668532, 6.560655719032494]]]}}, {"id": "67", "type": "Feature", "properties": {"canton_id": 67}, "geometry": {"type": "Polygon", "coordinates": [[[1.0955843709276931, 6.269959255826615], [1.086711559376301, 6.293504875364726], [1.0982862021112112, 6.298394255834683], [1.093064766157841, 6.306432329713294], [1.1197711485797714, 6.337708980810932], [1.1072068453107444, 6.359806801279347], [1.113042670136565, 6.362452015683781], [1.1485495327130955, 6.327764123905099], [1.1525842257286714, 6.313622926253216], [1.1655694066028495, 6.304567866918758], [1.1429284967776607, 6.287435772763578], [1.0955843709276931, 6.269959255826615]]]}}, {"id": "68", "type": "Feature", "properties": {"canton_id": 68}, "geometry": {"type": "Polygon", "coordinates": [[[1.097761592386749, 6.376536242684913], [1.113042670136565, 6.362452015683781], [1.1072068453107444, 6.359806801279347], [1.1197711485797714, 6.337708980810932], [1.093064766157841, 6.306432329713294], [1.0982862021112112, 6.298394255834683], [1.078895372419462, 6.293549707526831], [1.0430275645105835, 6.3177371346827496], [1.0408485767392486, 6.326713485420165], [1.0139045707993464, 6.32756139003695], [1.0318023077758909, 6.332710734502061], [1.03016540508049, 6.342867654328192], [1.0512643097141514, 6.364080461240866], [1.0307374943672272, 6.380720879023482], [1.0293265366915474, 6.391262143688821], [1.0439063357157843, 6.394418943482392], [1.097761592386749, 6.376536242684913]]]}}, {"id": "69", "type": "Feature", "properties": {"canton_id": 69}, "geometry": {"type": "Polygon", "coordinates": [[[1.1746547442843323, 6.402829532163903], [1.1683603294039693, 6.386544265088763], [1.120477197363488, 6.356965541730138], [1.0942783259745348, 6.382235743862077], [1.1033465441498105, 6.386959647303308], [1.0983149672104933, 6.39259026554866], [1.1001443167444627, 6.414633299092529], [1.1803313627545775, 6.421806358468865], [1.1708840702098031, 6.404641874548409], [1.1746547442843323, 6.402829532163903]]]}}, {"id": "70", "type": "Feature", "properties": {"canton_id": 70}, "geometry": {"type": "Polygon", "coordinates": [[[1.187099257530473, 6.435018248722834], [1.1803313627545775, 6.421806358468865], [1.1001443167444627, 6.414633299092529], [1.0957461290062382, 6.420906600208505], [1.077041964023349, 6.423793153522526], [1.0791550229164508, 6.44155826761862], [1.074927497540723, 6.448823248019643], [1.0809860904432256, 6.4647722913244055], [1.077661589931342, 6.467951346797813], [1.0926138955663105, 6.46895221536803], [1.1111523671502297, 6.4526177657386965], [1.1426848385047066, 6.463052319676903], [1.1776308093564045, 6.449382473184608], [1.187099257530473, 6.435018248722834]]]}}, {"id": "71", "type": "Feature", "properties": {"canton_id": 71}, "geometry": {"type": "Polygon", "coordinates": [[[1.0580093850717125, 6.83040792538314], [1.1146366582503475, 6.82709545159509], [1.1039562906272917, 6.812519649879097], [1.1208556406891237, 6.813231386338469], [1.1397265129483416, 6.7964377360330275], [1.1611735946202075, 6.787058025011628], [1.163429854798699, 6.780726200724527], [1.181925405779115, 6.770357759709446], [1.1859386953377893, 6.773145943232423], [1.230125121614191, 6.736559283346449], [1.2405529925257242, 6.737408570411404], [1.2417629759540971, 6.726213007008569], [1.2329279574338543, 6.727038055878872], [1.2350890314020353, 6.724245686048759], [1.2259997397964337, 6.71935918387107], [1.2395101735400025, 6.70892081799231], [1.2443091744913077, 6.712347762770039], [1.246157577613977, 6.699935057484721], [1.2513695710735624, 6.703361968762502], [1.2588062686219863, 6.694604290216599], [1.2626198604304106, 6.698221572683394], [1.2900580962469492, 6.683341362280756], [1.3028640194847747, 6.684356133418246], [1.3062196546127487, 6.671741235186661], [1.2985151882904216, 6.642014909883324], [1.2918521751277554, 6.63268503669068], [1.2944622347949262, 6.623697720457315], [1.2428352332439483, 6.62180940023272], [1.1980081964130118, 6.6400475751645], [1.19967450658784, 6.657310639717474], [1.2124772103210755, 6.6627071524292845], [1.2622822895576318, 6.667550043536168], [1.2751540659547476, 6.681557941302855], [1.2453524655590125, 6.693849262037213], [1.2165512685969497, 6.681936363933207], [1.1969839255832775, 6.679320590393485], [1.1843919225534474, 6.696368064267569], [1.1131327129788882, 6.7004462140823575], [1.1160405892877847, 6.724857412476834], [1.0987611226936795, 6.756831574420167], [1.0724848118348824, 6.767166515803039], [1.077013876878144, 6.777100797644176], [1.0580093850717125, 6.83040792538314]]]}}, {"id": "72", "type": "Feature", "properties": {"canton_id": 72}, "geometry": {"type": "MultiPolygon", "coordinates": [[[[1.1969839255832775, 6.679320590393485], [1.2165512685969497, 6.681936363933207], [1.2453524655590125, 6.693849262037213], [1.2751540659547476, 6.681557941302855], [1.2622822895576318, 6.667550043536168], [1.2124772103210755, 6.6627071524292845], [1.19967450658784, 6.657310639717474], [1.1980081964130118, 6.6400475751645], [1.2428352332439483, 6.62180940023272], [1.2944622347949262, 6.623697720457315], [1.2947873239097751, 6.614611277856443], [1.2887743264012674, 6.609256724417579], [1.2152511249508244, 6.599071211935307], [1.1462604456113707, 6.623872344815381], [1.1172777497961597, 6.627416798232399], [1.09006775990501, 6.64784166668252], [1.0929991001306936, 6.665989695089683], [1.0477686469915293, 6.6856452650366105], [1.0334625038937384, 6.689698270624195], [1.0133859036586714, 6.68459432962], [0.9742133083180181, 6.690240584070565], [0.970364484759683, 6.705815927391049], [0.9748834302397026, 6.717576967129014], [0.8949561300595348, 6.72484583669287], [0.8967419874011021, 6.749999921703952], [0.8867874847983052, 6.77356537849221], [0.8893811973849216, 6.818499748055583], [0.8838889300253381, 6.835673449271028], [1.0580093850717125, 6.83040792538314], [1.077013876878144, 6.777100797644176], [1.0724848118348824, 6.767166515803039], [1.0987611226936795, 6.756831574420167], [1.1160405892877847, 6.724857412476834], [1.1131327129788882, 6.7004462140823575], [1.1843919225534474, 6.696368064267569], [1.1969839255832775, 6.679320590393485]]], [[[0.8838882989435879, 6.835675246359454], [0.8838385897950398, 6.83581684905393], [0.8838772575153491, 6.835816403406158], [0.8838882989435879, 6.835675246359454]]]]}}, {"id": "73", "type": "Feature", "properties": {"canton_id": 73}, "geometry": {"type": "Polygon", "coordinates": [[[0.9742133083180181, 6.690240584070565], [1.0133859036586714, 6.68459432962], [1.0334625038937384, 6.689698270624195], [1.0477686469915293, 6.6856452650366105], [1.0929991001306936, 6.665989695089683], [1.09006775990501, 6.64784166668252], [1.1172777497961597, 6.627416798232399], [1.1462604456113707, 6.623872344815381], [1.2152511249508244, 6.599071211935307], [1.2887743264012674, 6.609256724417579], [1.3059039743668532, 6.560655719032494], [1.2179429901110603, 6.526077544530761], [1.1445098635512159, 6.556147209628248], [1.0663393404414139, 6.537189532657157], [1.0327101737570987, 6.517777304575831], [1.0184671233967608, 6.528375874318772], [1.0118548530556852, 6.5248145843629635], [0.9976126634539788, 6.55090454972476], [0.9904160336992377, 6.549803687206268], [0.989429845302456, 6.545161822629962], [0.9762593301689775, 6.54889212619943], [0.9828929926826496, 6.568530825123639], [0.9726231916868512, 6.576795397842217], [0.9808342709050912, 6.591088220687421], [1.026200718988005, 6.590769092640563], [1.0209260134097433, 6.6047959913369105], [1.0063867792140606, 6.60795634427991], [1.0016508392372208, 6.617592373012944], [1.0064923706687163, 6.625005321386639], [1.0250464289648538, 6.629559120508634], [0.9750177746151082, 6.685025064791098], [0.9273602745730195, 6.687221975498909], [0.8947343566293174, 6.710923104014381], [0.8949561300595348, 6.72484583669287], [0.9748834302397026, 6.717576967129014], [0.970364484759683, 6.705815927391049], [0.9742133083180181, 6.690240584070565]]]}}, {"id": "74", "type": "Feature", "properties": {"canton_id": 74}, "geometry": {"type": "Polygon", "coordinates": [[[0.9416927903042315, 6.685097878086011], [0.9750177746151082, 6.685025064791098], [1.0018872458888672, 6.6560394209525455], [1.0250464289648538, 6.629559120508634], [1.0064923706687163, 6.625005321386639], [1.0016508392372208, 6.617592373012944], [1.0063867792140606, 6.60795634427991], [1.0209260134097433, 6.6047959913369105], [1.026200718988005, 6.590769092640563], [0.9808342709050912, 6.591088220687421], [0.980160834593607, 6.6005854786162015], [0.9952465009446052, 6.61116966922677], [0.9844553179755164, 6.615211771666059], [0.9874226521712727, 6.619790654798051], [0.9822593751658127, 6.6336894268072495], [0.9680219471291569, 6.6371871556975135], [0.9710820820648334, 6.6435130962494275], [0.9659824168841533, 6.6597253709598965], [0.9515599795831183, 6.679157347056444], [0.9416927903042315, 6.685097878086011]]]}}, {"id": "75", "type": "Feature", "properties": {"canton_id": 75}, "geometry": {"type": "Polygon", "coordinates": [[[0.8851543234236636, 6.870716759142092], [0.86485380107373, 6.861629470724348], [0.8298559847189746, 6.882090645006421], [0.8488552497799478, 6.8930979447477245], [0.8872834455665373, 6.899281160194585], [0.8851543234236636, 6.870716759142092]]]}}, {"id": "76", "type": "Feature", "properties": {"canton_id": 76}, "geometry": {"type": "Polygon", "coordinates": [[[0.7797046675795587, 7.002435008994798], [0.7818286529451539, 6.996452263790099], [0.7979383583515615, 6.991983104900335], [0.7957020204376823, 6.978649451737891], [0.8014205042327964, 6.972510855880598], [0.8021873978476629, 6.954433480081804], [0.7958237504890938, 6.934194179420117], [0.7667976590193634, 6.90071525223104], [0.7506130022118123, 6.896246396889016], [0.7502707622866515, 6.890211302907399], [0.742242302794673, 6.885727722094024], [0.7259328458903523, 6.886625436422271], [0.7369172035691182, 6.948893144326007], [0.7316516969326837, 6.963264741007374], [0.7412420549744825, 6.993244162008776], [0.7470342694797981, 6.999136060668637], [0.7708175205250393, 7.005255559973219], [0.7797046675795587, 7.002435008994798]]]}}, {"id": "77", "type": "Feature", "properties": {"canton_id": 77}, "geometry": {"type": "Polygon", "coordinates": [[[0.8030470640441666, 6.905047208034839], [0.7762861412099954, 6.876148905606737], [0.7496876593348925, 6.8790942509621855], [0.7453571857799325, 6.887467285089853], [0.7506130022118123, 6.896246396889016], [0.7667976590193634, 6.90071525223104], [0.7776068695446229, 6.910927575014972], [0.7808429836187205, 6.921104515526926], [0.7958237504890938, 6.934194179420117], [0.8021873978476629, 6.954433480081804], [0.8085720573861288, 6.946516094441282], [0.8079629539208912, 6.933568130742931], [0.8193875032479498, 6.92377571495877], [0.8200476299310788, 6.914505457796903], [0.8175874095671032, 6.907929079258564], [0.8030470640441666, 6.905047208034839]]]}}, {"id": "78", "type": "Feature", "properties": {"canton_id": 78}, "geometry": {"type": "Polygon", "coordinates": [[[0.810995041719263, 6.877323354907592], [0.8147656898202755, 6.8634206379141895], [0.805216919424584, 6.855437936809287], [0.8028243506286656, 6.845953024463146], [0.779982005653787, 6.838544226087042], [0.759229529828745, 6.854431588300777], [0.757691252150881, 6.877596990633928], [0.7762861412099954, 6.876148905606737], [0.7806905011925162, 6.885643167969991], [0.7894413383261092, 6.888647613253063], [0.8030470640441666, 6.905047208034839], [0.8175874095671032, 6.907929079258564], [0.8170096140430921, 6.893989125153088], [0.8211244560817355, 6.888458125274438], [0.810995041719263, 6.877323354907592]]]}}, {"id": "79", "type": "Feature", "properties": {"canton_id": 79}, "geometry": {"type": "Polygon", "coordinates": [[[0.742242302794673, 6.885727722094024], [0.7182894300588121, 6.862992201152413], [0.7129918516745973, 6.864469596765813], [0.7259328458903523, 6.886625436422271], [0.742242302794673, 6.885727722094024]]]}}, {"id": "80", "type": "Feature", "properties": {"canton_id": 80}, "geometry": {"type": "Polygon", "coordinates": [[[0.765504371103913, 6.849628035136921], [0.7502021719967975, 6.833167403732431], [0.7419731630505325, 6.83491510930097], [0.7386492803355399, 6.857644002093401], [0.7182894300588121, 6.862992201152413], [0.7453571857799325, 6.887467285089853], [0.7496876593348925, 6.8790942509621855], [0.757691252150881, 6.877596990633928], [0.759229529828745, 6.854431588300777], [0.765504371103913, 6.849628035136921]]]}}, {"id": "81", "type": "Feature", "properties": {"canton_id": 81}, "geometry": {"type": "Polygon", "coordinates": [[[0.7419731630505325, 6.83491510930097], [0.7276894762677238, 6.829995381325496], [0.6956191283652983, 6.834606159082856], [0.6999306557842431, 6.866343600104933], [0.7353154501992898, 6.861359478098917], [0.7419731630505325, 6.83491510930097]]]}}, {"id": "82", "type": "Feature", "properties": {"canton_id": 82}, "geometry": {"type": "Polygon", "coordinates": [[[0.7276894762677238, 6.829995381325496], [0.7558593750080459, 6.81016124084208], [0.7632654818917357, 6.78876059333963], [0.7825215715979301, 6.763523692305547], [0.7701471567871067, 6.760291551182359], [0.7282001573143327, 6.797449143199513], [0.7058178752789437, 6.811156697195285], [0.6928657546315318, 6.829075716857141], [0.7008083229157669, 6.8329686583146305], [0.7276894762677238, 6.829995381325496]]]}}, {"id": "83", "type": "Feature", "properties": {"canton_id": 83}, "geometry": {"type": "Polygon", "coordinates": [[[0.8263429336543766, 6.886221725966631], [0.823835455454265, 6.881297793744191], [0.8298559847189746, 6.882090645006421], [0.86485380107373, 6.861629470724348], [0.8851543234236636, 6.870716759142092], [0.8880437944002285, 6.85664286288309], [0.8838385897950398, 6.83581684905393], [0.8893811973849216, 6.818499748055583], [0.8867874847983052, 6.77356537849221], [0.8927917710906306, 6.76116125989805], [0.8544226406139329, 6.754715882667371], [0.8362404780775341, 6.735678211208701], [0.8004543778999116, 6.723036330758218], [0.7893996431146351, 6.701251165624182], [0.771220312172069, 6.711700199863446], [0.7609931868134963, 6.725414337711882], [0.7701471567871067, 6.760291551182359], [0.7825215715979301, 6.763523692305547], [0.7632654818917357, 6.78876059333963], [0.7558593750080459, 6.81016124084208], [0.7276894762677238, 6.829995381325496], [0.7502021719967975, 6.833167403732431], [0.765504371103913, 6.849628035136921], [0.779982005653787, 6.838544226087042], [0.8028243506286656, 6.845953024463146], [0.805216919424584, 6.855437936809287], [0.8147656898202755, 6.8634206379141895], [0.8106634719174646, 6.880338700485684], [0.8211244560817355, 6.888458125274438], [0.8263429336543766, 6.886221725966631]]]}}, {"id": "84", "type": "Feature", "properties": {"canton_id": 84}, "geometry": {"type": "Polygon", "coordinates": [[[0.7654033152141861, 6.7408774911039115], [0.751068432582928, 6.742304995454515], [0.7478627442772211, 6.748614800454662], [0.7007465881592463, 6.770543431234143], [0.6926283759508628, 6.7854293499373135], [0.6782269053115803, 6.796580249372642], [0.6918046808684359, 6.813792339999453], [0.6939649523326603, 6.82344464011354], [0.7701471567871067, 6.760291551182359], [0.7654033152141861, 6.7408774911039115]]]}}, {"id": "85", "type": "Feature", "properties": {"canton_id": 85}, "geometry": {"type": "Polygon", "coordinates": [[[0.7017876628249363, 6.866480956836242], [0.6947359536456545, 6.836586557650795], [0.7008083229157669, 6.8329686583146305], [0.6928657546315318, 6.829075716857141], [0.6918046808684359, 6.813792339999453], [0.6782269053115803, 6.796580249372642], [0.68619257423202, 6.789045524693313], [0.6688333020063622, 6.779676233155481], [0.6764543793591609, 6.806279908337982], [0.6486076709384769, 6.839366589834314], [0.6470638778862847, 6.852953272933776], [0.6597613255840954, 6.8678121530338405], [0.7017876628249363, 6.866480956836242]]]}}, {"id": "86", "type": "Feature", "properties": {"canton_id": 86}, "geometry": {"type": "MultiPolygon", "coordinates": [[[[0.8947218934867808, 6.709335402037854], [0.8774479578692828, 6.657566675186498], [0.8398958107857365, 6.617671264646136], [0.8206540253549045, 6.619898223262026], [0.8234135585045049, 6.648640586914524], [0.818614335442764, 6.655707892628308], [0.822539230465347, 6.676175097092983], [0.8040118118377875, 6.685262071870943], [0.7893996431146351, 6.701251165624182], [0.8004543778999116, 6.723036330758218], [0.8362404780775341, 6.735678211208701], [0.8544226406139329, 6.754715882667371], [0.8927917710906306, 6.76116125989805], [0.8967419874011021, 6.749999921703952], [0.8936275955548041, 6.739182296913597], [0.8947218934867808, 6.709335402037854]]], [[[0.8948089305198075, 6.710891792997294], [0.8948083108389567, 6.710880704468283], [0.8947343566293174, 6.710923104014381], [0.8948089305198075, 6.710891792997294]]]]}}, {"id": "87", "type": "Feature", "properties": {"canton_id": 87}, "geometry": {"type": "Polygon", "coordinates": [[[0.8203011136220465, 6.6614212206213885], [0.8234135585045049, 6.648640586914524], [0.8206540253549045, 6.619898223262026], [0.8398958107857365, 6.617671264646136], [0.8330873121798341, 6.598182543494567], [0.8138178836677044, 6.577807355744515], [0.7790376708009339, 6.560071538795557], [0.7493273201496103, 6.537986771099687], [0.7244167611117563, 6.530701060718513], [0.7156900944303423, 6.523044098503919], [0.712593724208042, 6.529431196517145], [0.7168465787293794, 6.53760717980688], [0.7456741444357502, 6.561639672259363], [0.7393792027912155, 6.583691192306254], [0.7267294923120278, 6.593189767478396], [0.7066329909607827, 6.587210681059919], [0.6844996359929568, 6.597464167882322], [0.6945174541482155, 6.598722536861954], [0.7100698546307959, 6.6174992397047205], [0.7349638457304934, 6.6279370189951585], [0.7424928201836306, 6.635739689685996], [0.7727142919086701, 6.644053810904034], [0.7954490076430415, 6.6580573391250795], [0.8203011136220465, 6.6614212206213885]]]}}, {"id": "88", "type": "Feature", "properties": {"canton_id": 88}, "geometry": {"type": "Polygon", "coordinates": [[[0.7654033152141861, 6.7408774911039115], [0.7609931868134963, 6.725414337711882], [0.771220312172069, 6.711700199863446], [0.7893996431146351, 6.701251165624182], [0.8040118118377875, 6.685262071870943], [0.822539230465347, 6.676175097092983], [0.8203011136220465, 6.6614212206213885], [0.7954490076430415, 6.6580573391250795], [0.7727142919086701, 6.644053810904034], [0.7424928201836306, 6.635739689685996], [0.7349638457304934, 6.6279370189951585], [0.7100698546307959, 6.6174992397047205], [0.6945174541482155, 6.598722536861954], [0.673347597117212, 6.614249511216384], [0.6653446990536388, 6.604898235653749], [0.6592793414092228, 6.607781945607872], [0.637670171160685, 6.630329769373221], [0.6361850593948831, 6.641700932233533], [0.6465367096331914, 6.675534182904684], [0.6473150297205317, 6.690025571317326], [0.6406916613804107, 6.699038724636121], [0.6478666344891221, 6.711662955560739], [0.6434774755518013, 6.720695548563214], [0.6502089449421975, 6.737773419511396], [0.6295986795183226, 6.750177415834565], [0.6489515806701066, 6.757158347316973], [0.6674170054657228, 6.771166984413382], [0.6688333020063622, 6.779676233155481], [0.68619257423202, 6.789045524693313], [0.7007465881592463, 6.770543431234143], [0.7478627442772211, 6.748614800454662], [0.751068432582928, 6.742304995454515], [0.7654033152141861, 6.7408774911039115]]]}}, {"id": "89", "type": "Feature", "properties": {"canton_id": 89}, "geometry": {"type": "Polygon", "coordinates": [[[0.8908789596732982, 7.754427096275782], [0.8902943960405363, 7.734945317637973], [0.8775186282742916, 7.692626170602514], [0.8304668231026282, 7.704696199239738], [0.7874553995867727, 7.706811515057073], [0.7115390613254691, 7.698115215964705], [0.6551741058000474, 7.678847040015358], [0.6352307337919572, 7.715685576190761], [0.6274863885871294, 7.72149865392357], [0.6680869465392183, 7.722176934352993], [0.7740877778462854, 7.73680786969638], [0.785868912332003, 7.772033755783565], [0.7989805202497064, 7.775744654389803], [0.8116933942246992, 7.789602629341588], [0.8299859363834835, 7.770097994393068], [0.8908789596732982, 7.754427096275782]]]}}, {"id": "90", "type": "Feature", "properties": {"canton_id": 90}, "geometry": {"type": "Polygon", "coordinates": [[[0.6590371323262015, 7.652827307437494], [0.6551741058000474, 7.678847040015358], [0.7402133438245868, 7.7032859886041365], [0.7558609359389521, 7.691972994187493], [0.7587359356166661, 7.677972994364995], [0.7542359363036201, 7.655347994912885], [0.6949859362233888, 7.644222994787891], [0.6590371323262015, 7.652827307437494]]]}}, {"id": "91", "type": "Feature", "properties": {"canton_id": 91}, "geometry": {"type": "Polygon", "coordinates": [[[0.8775186282742916, 7.692626170602514], [0.8601335148125676, 7.667727601808806], [0.8677589023498493, 7.663264048240646], [0.865884268334798, 7.657132764973372], [0.8445411202974275, 7.637312187047061], [0.8282054409329835, 7.630085568073099], [0.7712427036514581, 7.6361409325136425], [0.7467526528529475, 7.626137794144476], [0.7101758380297345, 7.626743027319058], [0.6757174353673171, 7.630009977450383], [0.6590393353648586, 7.643483789221509], [0.6590371323262015, 7.652827307437494], [0.6949859362233888, 7.644222994787891], [0.7542359363036201, 7.655347994912885], [0.7587359356166661, 7.677972994364995], [0.7558609359389521, 7.691972994187493], [0.7402133438245868, 7.7032859886041365], [0.8304668231026282, 7.704696199239738], [0.8775186282742916, 7.692626170602514]]]}}, {"id": "92", "type": "Feature", "properties": {"canton_id": 92}, "geometry": {"type": "Polygon", "coordinates": [[[0.785868912332003, 7.772033755783565], [0.7740877778462854, 7.73680786969638], [0.6680869465392183, 7.722176934352993], [0.6221946371100592, 7.719916587314301], [0.6192336985113728, 7.727250923274186], [0.6176891165349558, 7.734395420534294], [0.6341904782327333, 7.749235351326901], [0.6824901911810327, 7.76192724688488], [0.7103783161088909, 7.782159898086247], [0.785868912332003, 7.772033755783565]]]}}, {"id": "93", "type": "Feature", "properties": {"canton_id": 93}, "geometry": {"type": "Polygon", "coordinates": [[[0.6775574278843186, 7.902752172158848], [0.7049771288482096, 7.850117971356844], [0.6983961461859793, 7.832020268244771], [0.699336286030249, 7.811807249474704], [0.7103783161088909, 7.782159898086247], [0.6824901911810327, 7.76192724688488], [0.6341904782327333, 7.749235351326901], [0.6176891165349558, 7.734395420534294], [0.6115819634225108, 7.755348515027236], [0.6197231498249546, 7.757902591382276], [0.6190157518356421, 7.763897246486728], [0.6310565280736501, 7.768101929364642], [0.6288799360302482, 7.793395610958934], [0.6173781435421318, 7.796397024879015], [0.6212944116650715, 7.799245098316538], [0.6169835508467769, 7.803727515910152], [0.6194006256609391, 7.838382886416527], [0.6273582186730452, 7.86332486068043], [0.622171300842527, 7.872639567258983], [0.624186389404522, 7.885929728471001], [0.6197262105665661, 7.90421107617383], [0.6775574278843186, 7.902752172158848]]]}}, {"id": "94", "type": "Feature", "properties": {"canton_id": 94}, "geometry": {"type": "Polygon", "coordinates": [[[0.8116933942246992, 7.789602629341588], [0.7989805202497064, 7.775744654389803], [0.785868912332003, 7.772033755783565], [0.7103783161088909, 7.782159898086247], [0.699336286030249, 7.811807249474704], [0.6983961461859793, 7.832020268244771], [0.7049771288482096, 7.850117971356844], [0.6775574278843186, 7.902752172158848], [0.6963703874905528, 7.926917658330073], [0.7460271766520516, 7.957655389034125], [0.7732046862123885, 7.8632229942679155], [0.8116933942246992, 7.789602629341588]]]}}, {"id": "95", "type": "Feature", "properties": {"canton_id": 95}, "geometry": {"type": "Polygon", "coordinates": [[[0.7460271766520516, 7.957655389034125], [0.8056213671313724, 7.970241396495415], [0.8253074527393771, 7.962449988983572], [0.8326827162631617, 7.918610018025514], [0.8526827167992429, 7.892110017958148], [0.8571827170792882, 7.861610017610646], [0.8699327167259779, 7.839360018114964], [0.8960785015055475, 7.829258604948995], [0.8994579150911313, 7.823022561024314], [0.8926796571005209, 7.800027995981481], [0.8908789596732982, 7.754427096275782], [0.8299859363834835, 7.770097994393068], [0.8116933942246992, 7.789602629341588], [0.7732046862123885, 7.8632229942679155], [0.7460271766520516, 7.957655389034125]]]}}, {"id": "96", "type": "Feature", "properties": {"canton_id": 96}, "geometry": {"type": "Polygon", "coordinates": [[[1.0801036718298318, 7.860365538646438], [1.0451911671556524, 7.86888129582191], [1.041520379043724, 7.877284352995288], [1.035969260217291, 7.8734403881229085], [1.0123818630568795, 7.8746914830758294], [0.9883561103231842, 7.868891152564543], [0.9706286860915485, 7.858163829722667], [0.9699124259375063, 7.862454770587446], [0.9403988783494127, 7.860571738306883], [0.9326096236077561, 7.866292993350202], [0.9113008948974862, 7.855923265089759], [0.8960785015055475, 7.829258604948995], [0.8699327167259779, 7.839360018114964], [0.8571827170792882, 7.861610017610646], [0.8526827167992429, 7.892110017958148], [0.8326827162631617, 7.918610018025514], [0.8253074527393771, 7.962449988983572], [0.8340048572403196, 7.974616477604777], [0.8450145202580405, 7.972504807731568], [0.8534456207488766, 7.963859779309232], [0.8822625792781044, 7.963225344057601], [0.9020146678949401, 7.975067313310147], [0.9056753082146998, 7.971660685907231], [0.9152513167177122, 7.9772571190918145], [0.9277355668384292, 7.972227425265011], [0.9395813571547825, 7.9742817914794], [0.964716147021194, 7.986490870507955], [0.9731571733348653, 7.979123364018254], [1.0169669367331995, 7.970883127923086], [1.040739237338082, 7.952978103114523], [1.0398623970494218, 7.945837687251442], [1.0461352153872523, 7.94327793551151], [1.0485556883244866, 7.902183863375896], [1.0740333882556483, 7.881648740442617], [1.0801036718298318, 7.860365538646438]]]}}, {"id": "97", "type": "Feature", "properties": {"canton_id": 97}, "geometry": {"type": "Polygon", "coordinates": [[[1.413460275844173, 6.938565617444744], [1.388233553575518, 6.9298073776067515], [1.3368818263099487, 6.889833876258162], [1.3144248028609762, 6.88204877436233], [1.2657679187574555, 6.905478935667978], [1.2141167653055116, 6.904880081580314], [1.186195199249447, 6.9165951622133], [1.197723137940004, 6.945040725371003], [1.195290372799938, 6.962818356644], [1.217784745403684, 6.996691879009635], [1.2618005116949973, 7.0270837172645155], [1.2839581079473215, 7.03636595373883], [1.3237070390505217, 7.043177917738905], [1.3570931470388787, 6.9987878683731175], [1.35484744537411, 6.98359194874624], [1.360461700564468, 6.974683996401352], [1.413460275844173, 6.938565617444744]]]}}, {"id": "98", "type": "Feature", "properties": {"canton_id": 98}, "geometry": {"type": "Polygon", "coordinates": [[[1.026508691689253, 7.499769290224044], [1.011932114007017, 7.499032973129371], [1.0071897346240841, 7.501329283486239], [1.0064159780675057, 7.509665887158331], [0.995184025910941, 7.515855941151082], [0.971006847279962, 7.518701262132336], [0.9829976807359188, 7.537155433589873], [0.9943081267874981, 7.539068422117225], [0.9999562295295638, 7.545632740572292], [1.026733330979808, 7.532029951718615], [1.026508691689253, 7.499769290224044]]]}}, {"id": "99", "type": "Feature", "properties": {"canton_id": 99}, "geometry": {"type": "Polygon", "coordinates": [[[1.026508691689253, 7.499769290224044], [1.0450289319202855, 7.482222485358344], [1.0252045378293628, 7.416833805517101], [0.9948995953540105, 7.4113321981784726], [0.9566147512119559, 7.396067174963308], [0.93435052689793, 7.398363484623201], [0.9164043642691047, 7.412440864419559], [0.9140830938530574, 7.419629313639251], [0.9248657679174569, 7.446236559490598], [0.9548176389295071, 7.478983939076361], [0.9393502424509613, 7.50207237502987], [0.951864530451305, 7.505133973346704], [0.971006847279962, 7.518701262132336], [0.995184025910941, 7.515855941151082], [1.0064159780675057, 7.509665887158331], [1.0071897346240841, 7.501329283486239], [1.011932114007017, 7.499032973129371], [1.026508691689253, 7.499769290224044]]]}}, {"id": "100", "type": "Feature", "properties": {"canton_id": 100}, "geometry": {"type": "Polygon", "coordinates": [[[0.93435052689793, 7.398363484623201], [0.9291838295044512, 7.391075195942681], [0.9058213693833469, 7.386382736104659], [0.8854540966163154, 7.399661399321041], [0.8797882007302414, 7.394563341707423], [0.8575988562351704, 7.397864286826861], [0.8319418775756732, 7.395094194427728], [0.8525266964774019, 7.416809163971105], [0.8599279052312069, 7.43256443705132], [0.8584846110372963, 7.440906044274679], [0.8748847396476753, 7.453554580380706], [0.8910629414908658, 7.476412406376494], [0.9393502424509613, 7.50207237502987], [0.9548176389295071, 7.478983939076361], [0.9248657679174569, 7.446236559490598], [0.9140830938530574, 7.419629313639251], [0.9164043642691047, 7.412440864419559], [0.93435052689793, 7.398363484623201]]]}}, {"id": "101", "type": "Feature", "properties": {"canton_id": 101}, "geometry": {"type": "Polygon", "coordinates": [[[1.1367405965158646, 7.357568435980715], [1.1164930534502604, 7.341807676627976], [1.0781586323100354, 7.331636421198359], [1.0655788009486464, 7.285720782098128], [1.032255707510084, 7.306130440307011], [1.0246679000014582, 7.327845548000728], [1.0095921247517372, 7.334934157539166], [0.9622744076383712, 7.335657993849402], [0.9542872419704961, 7.356873903194363], [0.9593541002869265, 7.377590614571131], [0.9566147512119559, 7.396067174963308], [0.9948995953540105, 7.4113321981784726], [1.0252045378293628, 7.416833805517101], [1.0352633739228883, 7.446136720478774], [1.0615835811745824, 7.448445510544175], [1.0734145709789735, 7.44230537618921], [1.0789057472618833, 7.422986419534063], [1.0770087952355012, 7.410905831575102], [1.083298688169112, 7.397527329058313], [1.1019686879128652, 7.3987254038429], [1.1367405965158646, 7.357568435980715]]]}}, {"id": "102", "type": "Feature", "properties": {"canton_id": 102}, "geometry": {"type": "Polygon", "coordinates": [[[1.0655788009486464, 7.285720782098128], [1.0610429560315542, 7.245048613272154], [1.0355254088805035, 7.1957150587828025], [1.0080736264497117, 7.251580130884162], [0.9977913587506101, 7.25440216426063], [0.9893966211782123, 7.290637352077405], [0.9765296067692905, 7.300047635346581], [0.9472761243820446, 7.297906610207914], [0.9382817103757232, 7.3108728207381795], [0.941077217846954, 7.325249719069578], [0.957925146352838, 7.330166817845994], [0.9622744076383712, 7.335657993849402], [1.0095921247517372, 7.334934157539166], [1.0246679000014582, 7.327845548000728], [1.032255707510084, 7.306130440307011], [1.0655788009486464, 7.285720782098128]]]}}, {"id": "103", "type": "Feature", "properties": {"canton_id": 103}, "geometry": {"type": "Polygon", "coordinates": [[[0.93435052689793, 7.398363484623201], [0.9566147512119559, 7.396067174963308], [0.9593541002869265, 7.377590614571131], [0.9542872419704961, 7.356873903194363], [0.9622744076383712, 7.335657993849402], [0.957925146352838, 7.330166817845994], [0.941077217846954, 7.325249719069578], [0.8910825530883667, 7.339951095834079], [0.8735607074732117, 7.330316576964405], [0.8267335891515843, 7.344711065656356], [0.837949764178388, 7.373558820659473], [0.8319418775756732, 7.395094194427728], [0.8575988562351704, 7.397864286826861], [0.8797882007302414, 7.394563341707423], [0.8854540966163154, 7.399661399321041], [0.9058213693833469, 7.386382736104659], [0.9291838295044512, 7.391075195942681], [0.93435052689793, 7.398363484623201]]]}}, {"id": "104", "type": "Feature", "properties": {"canton_id": 104}, "geometry": {"type": "Polygon", "coordinates": [[[0.941077217846954, 7.325249719069578], [0.9382817103757232, 7.3108728207381795], [0.9472761243820446, 7.297906610207914], [0.9233129984451339, 7.288457010675808], [0.8792639216351722, 7.303851803203228], [0.8733969513175361, 7.299606783954379], [0.8266015952492898, 7.295403048873567], [0.8068909678339397, 7.287249138186406], [0.7844032017088416, 7.288974861507752], [0.7912276207934074, 7.321482931808569], [0.8180653059158123, 7.327750047912078], [0.8267335891515843, 7.344711065656356], [0.8677700129071988, 7.331265052773238], [0.8910825530883667, 7.339951095834079], [0.941077217846954, 7.325249719069578]]]}}, {"id": "105", "type": "Feature", "properties": {"canton_id": 105}, "geometry": {"type": "Polygon", "coordinates": [[[1.0451911671556524, 7.86888129582191], [1.086645719552684, 7.855233926877159], [1.0823107308839426, 7.835751640560777], [1.0873681979794745, 7.8334666876812475], [1.1014538488215913, 7.770793775182073], [1.106625800414005, 7.716370495158036], [1.1265860610032103, 7.677665346548343], [1.0803203599543942, 7.673768908571728], [1.0468351908647657, 7.6777625526039195], [0.9915385818989623, 7.700342001210112], [0.9705719509239502, 7.718159797210453], [0.9505269302732379, 7.755715410404561], [0.9208818046377194, 7.784899732026078], [0.8926817485035474, 7.800041150133815], [0.899880859693529, 7.819852159408094], [0.8960785015055475, 7.829258604948995], [0.9113008948974862, 7.855923265089759], [0.9326096236077561, 7.866292993350202], [0.9403988783494127, 7.860571738306883], [0.9699124259375063, 7.862454770587446], [0.9706286860915485, 7.858163829722667], [0.9883561103231842, 7.868891152564543], [1.041520379043724, 7.877284352995288], [1.0451911671556524, 7.86888129582191]]]}}, {"id": "106", "type": "Feature", "properties": {"canton_id": 106}, "geometry": {"type": "Polygon", "coordinates": [[[1.0468351908647657, 7.6777625526039195], [1.0803203599543942, 7.673768908571728], [1.1265860610032103, 7.677665346548343], [1.1464666803225076, 7.646689526428162], [1.103663016803102, 7.634576477139053], [1.0048203282601267, 7.628931615323994], [0.9984842590267035, 7.615376265736458], [0.9908809752015392, 7.620713924597794], [0.918222575194077, 7.633424464302997], [0.8684058786502863, 7.649560240904777], [0.8686638443767654, 7.6614569358959015], [0.8601335148125676, 7.667727601808806], [0.8775186282742916, 7.692626170602514], [0.8902943960405363, 7.734945317637973], [0.8926817485035474, 7.800041150133815], [0.9208818046377194, 7.784899732026078], [0.9505269302732379, 7.755715410404561], [0.9705719509239502, 7.718159797210453], [0.9915385818989623, 7.700342001210112], [1.0468351908647657, 7.6777625526039195]]]}}, {"id": "107", "type": "Feature", "properties": {"canton_id": 107}, "geometry": {"type": "Polygon", "coordinates": [[[1.1464666803225076, 7.646689526428162], [1.1513766534283083, 7.625444679192603], [1.141732991756906, 7.562727404772913], [1.119268455800487, 7.557008428703171], [1.1148174332228986, 7.549546747410586], [1.1117176076507822, 7.53787793208771], [1.1171981538421627, 7.5201313414051905], [1.0991731802651983, 7.519181847203677], [1.087801841835314, 7.526134283179231], [1.0841922018920207, 7.550403350652715], [1.0674304360712146, 7.550149273862989], [1.050220589823533, 7.557524922509595], [1.003858102055174, 7.558411641789125], [1.0095609809154342, 7.576362036260698], [1.0208987054001288, 7.576440036877121], [1.0430653496563878, 7.590446591601856], [1.037382086471632, 7.617019683846261], [1.0452922651239192, 7.633001975025875], [1.103663016803102, 7.634576477139053], [1.1464666803225076, 7.646689526428162]]]}}, {"id": "108", "type": "Feature", "properties": {"canton_id": 108}, "geometry": {"type": "Polygon", "coordinates": [[[1.0452922651239192, 7.633001975025875], [1.037382086471632, 7.617019683846261], [1.0430653496563878, 7.590446591601856], [1.0208987054001288, 7.576440036877121], [0.9958867173781342, 7.572766148576645], [0.9607188355578302, 7.583955381928432], [0.9354607724251027, 7.597974302350688], [0.9237961141725416, 7.597647685620464], [0.9027387492952981, 7.6241104214019355], [0.9022129840580221, 7.638007556977513], [0.9641782814291573, 7.627606800229376], [0.9984842590267035, 7.615376265736458], [1.0048203282601267, 7.628931615323994], [1.0452922651239192, 7.633001975025875]]]}}, {"id": "109", "type": "Feature", "properties": {"canton_id": 109}, "geometry": {"type": "Polygon", "coordinates": [[[1.060921545733134, 7.552822577254786], [1.0658954025691796, 7.5341811828871705], [1.0593309509198443, 7.520390841627904], [1.0501956303405662, 7.514787345353169], [1.0513188253964854, 7.494594791954865], [1.0594058305997422, 7.484411155569592], [1.0544637716981518, 7.478969899154443], [1.0279563651858352, 7.495176670018667], [1.026733330979808, 7.532029951718615], [0.9999562295295638, 7.545632740572292], [1.003858102055174, 7.558411641789125], [1.050220589823533, 7.557524922509595], [1.060921545733134, 7.552822577254786]]]}}, {"id": "110", "type": "Feature", "properties": {"canton_id": 110}, "geometry": {"type": "Polygon", "coordinates": [[[1.060921545733134, 7.552822577254786], [1.0850754120732617, 7.550057746423648], [1.087801841835314, 7.526134283179231], [1.0991731802651983, 7.519181847203677], [1.1171981538421627, 7.5201313414051905], [1.120539239186829, 7.513828441876577], [1.1121523244166833, 7.503007836164205], [1.1029546038718336, 7.46890014247482], [1.0785937483717716, 7.467103030183831], [1.0615835811745824, 7.448445510544175], [1.0352633739228883, 7.446136720478774], [1.0450289319202855, 7.482222485358344], [1.058607114207074, 7.480717091364186], [1.0513188253964854, 7.494594791954865], [1.0501956303405662, 7.514787345353169], [1.064797167357028, 7.53067431789479], [1.060921545733134, 7.552822577254786]]]}}, {"id": "111", "type": "Feature", "properties": {"canton_id": 111}, "geometry": {"type": "Polygon", "coordinates": [[[1.1205392390000384, 7.513828442000037], [1.1258645147447508, 7.506049269580375], [1.1414610295800793, 7.501543708856923], [1.1546484914183273, 7.418484500887161], [1.1508592150889452, 7.385848619608744], [1.1367405965158646, 7.357568435980715], [1.1019686879128652, 7.3987254038429], [1.083298688169112, 7.397527329058313], [1.0770087952355012, 7.410905831575102], [1.0789057472618833, 7.422986419534063], [1.0734145709789735, 7.44230537618921], [1.0615835811745824, 7.448445510544175], [1.0785937483717716, 7.467103030183831], [1.1029546038718336, 7.46890014247482], [1.1121523244166833, 7.503007836164205], [1.1205392390000384, 7.513828442000037]]]}}, {"id": "112", "type": "Feature", "properties": {"canton_id": 112}, "geometry": {"type": "Polygon", "coordinates": [[[1.152029400218927, 7.973623142226779], [1.1531324838284391, 7.905638874960229], [1.1865117196722632, 7.877918789722167], [1.1704850866523078, 7.8659228838215025], [1.1602480021646362, 7.834375949344796], [1.1671423651154207, 7.79906845427588], [1.1602218878604031, 7.786585478656551], [1.120762105679599, 7.779221046071853], [1.0993059716649503, 7.779989517208236], [1.0873681979794745, 7.8334666876812475], [1.0823107308839426, 7.835751640560777], [1.086645719552684, 7.855233926877159], [1.0801036718298318, 7.860365538646438], [1.0740333882556483, 7.881648740442617], [1.0485556883244866, 7.902183863375896], [1.0461352153872523, 7.94327793551151], [1.0398623970494218, 7.945837687251442], [1.038063011988875, 7.956544193189014], [1.0489936748949904, 7.954928812807001], [1.0826439788802258, 7.96479978302938], [1.1074202204654784, 7.964026580223972], [1.152029400218927, 7.973623142226779]]]}}, {"id": "113", "type": "Feature", "properties": {"canton_id": 113}, "geometry": {"type": "Polygon", "coordinates": [[[1.2892761268752186, 7.662239121917638], [1.2659242407910112, 7.6809073243245045], [1.1932875728234285, 7.679371167088051], [1.1892919754464282, 7.689007606220213], [1.1926012868573004, 7.705859874056483], [1.1896678275805317, 7.722251998941373], [1.1735404980294253, 7.739587799143482], [1.1514753870868824, 7.736604089745011], [1.143480852639687, 7.709507461744661], [1.113209808545587, 7.707048872159414], [1.106625800414005, 7.716370495158036], [1.0993059716649503, 7.779989517208236], [1.120762105679599, 7.779221046071853], [1.1602218878604031, 7.786585478656551], [1.1671423651154207, 7.79906845427588], [1.1602480021646362, 7.834375949344796], [1.1704850866523078, 7.8659228838215025], [1.1865117196722632, 7.877918789722167], [1.276403234738047, 7.853439974619936], [1.2182159827192278, 7.81839443006852], [1.2205663340172264, 7.800296726613078], [1.2327881591374508, 7.781728953424365], [1.2330231947673431, 7.760105724643744], [1.2620500292559718, 7.74905907417992], [1.331855454691592, 7.751879495996194], [1.3812593441760124, 7.763108083592041], [1.3870484851551323, 7.742193394757831], [1.3533685112604974, 7.720331695310793], [1.2892761268752186, 7.662239121917638]]]}}, {"id": "114", "type": "Feature", "properties": {"canton_id": 114}, "geometry": {"type": "Polygon", "coordinates": [[[1.276403234738047, 7.853439974619936], [1.350238407341612, 7.812405243455825], [1.3507235188050761, 7.7982685965617], [1.3696542528140612, 7.796939278474922], [1.3834911341396345, 7.786746631401705], [1.3990599361484104, 7.783083357695711], [1.3812593441760124, 7.763108083592041], [1.331855454691592, 7.751879495996194], [1.2620500292559718, 7.74905907417992], [1.2330231947673431, 7.760105724643744], [1.2327881591374508, 7.781728953424365], [1.2205663340172264, 7.800296726613078], [1.2182159827192278, 7.81839443006852], [1.276403234738047, 7.853439974619936]]]}}, {"id": "115", "type": "Feature", "properties": {"canton_id": 115}, "geometry": {"type": "Polygon", "coordinates": [[[1.6311494375003082, 7.693530206873671], [1.496426543951686, 7.682882769055704], [1.422155452003029, 7.708266559592931], [1.3870484851551323, 7.742193394757831], [1.3812593441760124, 7.763108083592041], [1.3990599361484104, 7.783083357695711], [1.419795895243542, 7.775371446496319], [1.4635715967278464, 7.77841075482956], [1.470489837805705, 7.782556275081443], [1.4803071244926855, 7.87613112356034], [1.4932122396730352, 7.894295130201593], [1.5374458338904171, 7.909805009242295], [1.6295110021436296, 7.917162608081541], [1.6300825264146173, 7.875396901458915], [1.6244939441555875, 7.8371409619295616], [1.6343006219597758, 7.811534368914752], [1.6311494375003082, 7.693530206873671]]]}}, {"id": "116", "type": "Feature", "properties": {"canton_id": 116}, "geometry": {"type": "Polygon", "coordinates": [[[1.5112805301321033, 7.681605006232695], [1.475038349556189, 7.649977853956558], [1.4656369452716518, 7.631801806382075], [1.4643834247396408, 7.6123722376837115], [1.4756651094976019, 7.574139861243951], [1.4418200553036065, 7.518984956908483], [1.447845107528864, 7.481500816528745], [1.4387509015426443, 7.44566721218899], [1.4305128011151367, 7.437289100518369], [1.407006313722949, 7.462218058514417], [1.4033813568357967, 7.481828703220081], [1.3831996479900397, 7.487837645387105], [1.3766499524974831, 7.496102090224808], [1.3767219510894222, 7.503001052091983], [1.384279274354839, 7.5083909087437695], [1.379021852324181, 7.520938635196679], [1.3383273094161752, 7.530376829260716], [1.3362399038076547, 7.541190721499253], [1.348331778843328, 7.544927678904554], [1.3482592529063737, 7.559411330518826], [1.3304093158201626, 7.557471007905433], [1.3066944761043582, 7.5709448407487105], [1.307203533271759, 7.583623295864984], [1.3171325064552237, 7.593580017571622], [1.3159808663371857, 7.598610531117067], [1.3061405943323414, 7.603318199900401], [1.2978141743685914, 7.5978511259313635], [1.284653279410582, 7.60404672554054], [1.2837427652583113, 7.613883645042548], [1.2946233010283315, 7.622095604594781], [1.2987171595742244, 7.635508507889481], [1.2892761268752186, 7.662239121917638], [1.3533685112604974, 7.720331695310793], [1.3870484851551323, 7.742193394757831], [1.422155452003029, 7.708266559592931], [1.496426543951686, 7.682882769055704], [1.5112805301321033, 7.681605006232695]]]}}, {"id": "117", "type": "Feature", "properties": {"canton_id": 117}, "geometry": {"type": "Polygon", "coordinates": [[[1.6311504079980013, 7.693598175797544], [1.6304860553475409, 7.641099149119741], [1.6400939998906907, 7.6362407414888205], [1.645055273711289, 7.622688045375003], [1.6428076940340115, 7.615947347933949], [1.6482878438473694, 7.610571036185016], [1.635902931802906, 7.482242023119594], [1.5918551805963304, 7.484386490074552], [1.5393915888988872, 7.505734203226334], [1.5169373007577707, 7.503617244734692], [1.502890118743073, 7.491972189290259], [1.4469072706409878, 7.484726189397408], [1.4418200553036065, 7.518984956908483], [1.4756651094976019, 7.574139861243951], [1.4643834247396408, 7.6123722376837115], [1.4656369452716518, 7.631801806382075], [1.475038349556189, 7.649977853956558], [1.5112805301321033, 7.681605006232695], [1.6311504079980013, 7.693598175797544]]]}}, {"id": "118", "type": "Feature", "properties": {"canton_id": 118}, "geometry": {"type": "Polygon", "coordinates": [[[0.7105351625610594, 7.303048356865109], [0.6884979613427751, 7.268383097086262], [0.6863520172494776, 7.253774166560035], [0.7042725031194417, 7.248453367003518], [0.7074063043877709, 7.236962762021167], [0.75818393201259, 7.23588668933924], [0.7416042002835636, 7.208070795796158], [0.7301804501241334, 7.200573090765629], [0.7002469390433751, 7.142414393997235], [0.676148463253226, 7.1514755412406785], [0.6720422801648872, 7.1824679335267865], [0.66271567509121, 7.185439241342163], [0.6708970886916813, 7.206645920121086], [0.6620657015844499, 7.222245286900854], [0.6748588327205013, 7.2460982868104065], [0.6741366401321622, 7.2734178131203295], [0.6822251999373969, 7.2826618825164005], [0.6764476574687377, 7.321825371652333], [0.6787999423611142, 7.341427751075021], [0.6683764112572279, 7.360595652801028], [0.724149868563926, 7.3695119948696295], [0.7262767098377686, 7.359321209321705], [0.7105351625610594, 7.303048356865109]]]}}, {"id": "119", "type": "Feature", "properties": {"canton_id": 119}, "geometry": {"type": "Polygon", "coordinates": [[[0.6173608429651264, 7.162993867156326], [0.6234598847757441, 7.158985259432168], [0.623449014483324, 7.132781061221822], [0.6956617189188343, 7.129172659262492], [0.701380890767723, 7.120430916873329], [0.6347782084238298, 7.113778611599862], [0.6122669743366453, 7.104923043641289], [0.5966491344669064, 7.114319771092254], [0.5884408734020967, 7.109165605101744], [0.5961173516341137, 7.121047475641546], [0.5969138369402587, 7.1340569072901605], [0.6056648129475701, 7.142001994401414], [0.6054557109221984, 7.1541033982478694], [0.6173608429651264, 7.162993867156326]]]}}, {"id": "120", "type": "Feature", "properties": {"canton_id": 120}, "geometry": {"type": "Polygon", "coordinates": [[[0.6343424653449535, 7.208505774575607], [0.6720422801648872, 7.1824679335267865], [0.676148463253226, 7.1514755412406785], [0.7002469390433751, 7.142414393997235], [0.6956617189188343, 7.129172659262492], [0.623449014483324, 7.132781061221822], [0.6234598847757441, 7.158985259432168], [0.6171068363179165, 7.1633673426177475], [0.6154970536667768, 7.174676051981853], [0.6187455693798424, 7.184225158988065], [0.627510899739031, 7.187312445604057], [0.6343424653449535, 7.208505774575607]]]}}, {"id": "121", "type": "Feature", "properties": {"canton_id": 121}, "geometry": {"type": "Polygon", "coordinates": [[[0.8319418775756732, 7.395094194427728], [0.837949764178388, 7.373558820659473], [0.8298216055064492, 7.348687798520101], [0.8180653059158123, 7.327750047912078], [0.7912276207934074, 7.321482931808569], [0.7844078601649656, 7.288983731970253], [0.75818393201259, 7.23588668933924], [0.7074063043877709, 7.236962762021167], [0.7042725031194417, 7.248453367003518], [0.6863520172494776, 7.253774166560035], [0.6884979613427751, 7.268383097086262], [0.6958436946980744, 7.275481221338602], [0.7267314129361192, 7.270494436850604], [0.737804177739451, 7.275090678622609], [0.7520107441785224, 7.292848885824296], [0.7758276338247156, 7.334841824456602], [0.78357020039054, 7.3918673742505785], [0.7902116429496949, 7.3930451730040545], [0.7949910187723387, 7.387218191244833], [0.8064118657983228, 7.389325822156456], [0.8068463408306614, 7.394656880146612], [0.8319418775756732, 7.395094194427728]]]}}, {"id": "122", "type": "Feature", "properties": {"canton_id": 122}, "geometry": {"type": "Polygon", "coordinates": [[[0.78357020039054, 7.3918673742505785], [0.7758276338247156, 7.334841824456602], [0.7520107441785224, 7.292848885824296], [0.737804177739451, 7.275090678622609], [0.7267314129361192, 7.270494436850604], [0.6958436946980744, 7.275481221338602], [0.7105351625610594, 7.303048356865109], [0.7261860394804677, 7.366933113213294], [0.6683764112572279, 7.360595652801028], [0.6694361246328118, 7.378934724179892], [0.6797821438243661, 7.383134024721105], [0.7273947726425108, 7.378321058435128], [0.7481525039134075, 7.389997785337328], [0.7672079403028115, 7.393097231468487], [0.7686976022716758, 7.387704175704841], [0.78357020039054, 7.3918673742505785]]]}}, {"id": "123", "type": "Feature", "properties": {"canton_id": 123}, "geometry": {"type": "Polygon", "coordinates": [[[0.6442775877808818, 7.376910447677328], [0.6694361246328118, 7.378934724179892], [0.6665471682920449, 7.363959201234306], [0.6795505076380643, 7.333063209322572], [0.6764476574687377, 7.321825371652333], [0.6822251999373969, 7.2826618825164005], [0.6741366401321622, 7.2734178131203295], [0.6748588327205013, 7.2460982868104065], [0.6620657015844499, 7.222245286900854], [0.6708970886916813, 7.206645920121086], [0.66271567509121, 7.185439241342163], [0.6342612379525429, 7.208582427811743], [0.643464419409444, 7.254523109414006], [0.6454479621887146, 7.292107296392695], [0.651795564287414, 7.292529793464904], [0.6509156556615624, 7.304628546905018], [0.658450225008648, 7.315434897615563], [0.6414074040327802, 7.370570880121975], [0.6442775877808818, 7.376910447677328]]]}}, {"id": "124", "type": "Feature", "properties": {"canton_id": 124}, "geometry": {"type": "Polygon", "coordinates": [[[1.6312525197877241, 8.04145008996471], [1.6295110021436296, 7.917162608081541], [1.5480093527184402, 7.911423053736829], [1.5050719139185347, 7.899925994280143], [1.4516392991984453, 7.941499726034132], [1.4111088015794877, 7.93794808464593], [1.3883365114224218, 7.90807251211267], [1.3551182174850642, 7.890523224513233], [1.3039327952454183, 7.888225102754531], [1.2916065101597674, 7.871929336453607], [1.2656636383243471, 7.858635300516927], [1.1865117196722632, 7.877918789722167], [1.200049672120639, 7.90246934628534], [1.2194792407527937, 7.911870750464989], [1.2298338429624525, 7.949411079379583], [1.2808495176674044, 8.009149168269655], [1.344530972355239, 8.005610583796555], [1.3980406308235673, 8.025614683260232], [1.4349150271146272, 8.022324191221342], [1.4373890204051845, 8.025759816906092], [1.4642242533003804, 8.011231146626995], [1.4871273985072577, 8.005381436504276], [1.5776038394958019, 8.039527001610288], [1.6312525197877241, 8.04145008996471]]]}}, {"id": "125", "type": "Feature", "properties": {"canton_id": 125}, "geometry": {"type": "Polygon", "coordinates": [[[1.4812143947537157, 7.878914195791665], [1.4733245738996306, 7.7911776968533015], [1.4676596314803996, 7.7799810327470045], [1.419795895243542, 7.775371446496319], [1.3834911341396345, 7.786746631401705], [1.3696542528140612, 7.796939278474922], [1.3507235188050761, 7.7982685965617], [1.350238407341612, 7.812405243455825], [1.2656636383243471, 7.858635300516927], [1.2916065101597674, 7.871929336453607], [1.3039327952454183, 7.888225102754531], [1.3551182174850642, 7.890523224513233], [1.3883365114224218, 7.90807251211267], [1.4111088015794877, 7.93794808464593], [1.4516392991984453, 7.941499726034132], [1.5050719139185347, 7.899925994280143], [1.4873148430617489, 7.889182043384995], [1.4812143947537157, 7.878914195791665]]]}}, {"id": "126", "type": "Feature", "properties": {"canton_id": 126}, "geometry": {"type": "Polygon", "coordinates": [[[1.251540698748913, 8.371350919260971], [1.481650473051615, 8.367446301643259], [1.4987401147852022, 8.318886260523847], [1.4889339276768188, 8.292764720237344], [1.4534175127270759, 8.263933748035027], [1.4262579001991758, 8.179738951115484], [1.4697132791596712, 8.159682622042013], [1.4755499842045179, 8.11628600242038], [1.455428367999859, 8.050809139913921], [1.4349150271146272, 8.022324191221342], [1.3980406308235673, 8.025614683260232], [1.349362249290142, 8.044835331137289], [1.3126445436802792, 8.053296595058976], [1.3017806988218996, 8.05883297703755], [1.294768817913945, 8.079431192557252], [1.2843228137602685, 8.090295037392965], [1.2595079836079113, 8.09266266091922], [1.2678379074167412, 8.10683368713388], [1.259795890277478, 8.11303074646696], [1.2657556104841028, 8.123447577492245], [1.2628631631982552, 8.148147264027937], [1.270830861795943, 8.156561149021622], [1.2716797599578462, 8.171327473676365], [1.2641709772250243, 8.182383428527691], [1.2635977033418098, 8.197009094777862], [1.2691399413001225, 8.2078498785029], [1.2617519039031224, 8.211077965851564], [1.2621477673168244, 8.21825877763133], [1.2549538894996497, 8.219469591702689], [1.256734961167813, 8.228165581561662], [1.2483523326342998, 8.241966555440982], [1.2550147655307973, 8.24064900330632], [1.261157773010996, 8.248419228744723], [1.24926479704867, 8.268018339550425], [1.2511066215701445, 8.27979338066411], [1.233287559095198, 8.309225851833121], [1.2395501545101444, 8.326995068892382], [1.2375799056939294, 8.339747799318141], [1.243491277516785, 8.347072723987655], [1.2378381392844764, 8.35790302768526], [1.251540698748913, 8.371350919260971]]]}}, {"id": "127", "type": "Feature", "properties": {"canton_id": 127}, "geometry": {"type": "Polygon", "coordinates": [[[1.4779525652553223, 8.037366437479173], [1.4661461232680006, 8.010740338172967], [1.4373890204051845, 8.025759816906092], [1.455428367999859, 8.050809139913921], [1.4755499842045179, 8.11628600242038], [1.4697132791596712, 8.159682622042013], [1.4262579001991758, 8.179738951115484], [1.4534175127270759, 8.263933748035027], [1.4889339276768188, 8.292764720237344], [1.4987401147852022, 8.318886260523847], [1.481650473051615, 8.367446301643259], [1.573218339422606, 8.367553201386047], [1.5984994583336587, 8.338002449058406], [1.6020510999788584, 8.303321713826133], [1.5717576867019294, 8.206591711662512], [1.549403236534321, 8.17504477770092], [1.5646544029151253, 8.157286570054731], [1.5594314012610473, 8.143288924042592], [1.5366591108788326, 8.127828837639647], [1.5249595858162943, 8.087716180237628], [1.4992624147167417, 8.066406330831704], [1.4779525652553223, 8.037366437479173]]]}}, {"id": "128", "type": "Feature", "properties": {"canton_id": 128}, "geometry": {"type": "MultiPolygon", "coordinates": [[[[1.6310647448040985, 8.036657565831511], [1.6312075058597528, 8.040301205427065], [1.6312561312895002, 8.036664413867664], [1.6310647448040985, 8.036657565831511]]], [[[1.5745887430826, 8.367552220916417], [1.6198543405835686, 8.367532667430284], [1.624583118115847, 8.356670576863177], [1.6114805166869188, 8.333464609265004], [1.623006689197583, 8.319258723613283], [1.632175499798156, 8.231244169065718], [1.635775602800663, 8.139121525067543], [1.6311882868906757, 8.041447791547878], [1.5776038394958019, 8.039527001610288], [1.4871273985072577, 8.005381436504276], [1.4661461232680006, 8.010740338172967], [1.4779525652553223, 8.037366437479173], [1.4992624147167417, 8.066406330831704], [1.5249595858162943, 8.087716180237628], [1.5366591108788326, 8.127828837639647], [1.5594314012610473, 8.143288924042592], [1.5646544029151253, 8.157286570054731], [1.549403236534321, 8.17504477770092], [1.5717576867019294, 8.206591711662512], [1.6020510999788584, 8.303321713826133], [1.5984994583336587, 8.338002449058406], [1.5745887430826, 8.367552220916417]]]]}}, {"id": "129", "type": "Feature", "properties": {"canton_id": 129}, "geometry": {"type": "Polygon", "coordinates": [[[1.349362249290142, 8.044835331137289], [1.3980406308235673, 8.025614683260232], [1.344530972355239, 8.005610583796555], [1.2808495176674044, 8.009149168269655], [1.26444929047113, 7.986585798740696], [1.2213203484093347, 7.994929544151705], [1.2096675028592734, 8.002356509869381], [1.2306993678389588, 8.01368855535329], [1.2330965551204953, 8.031245937018856], [1.2441259154741178, 8.031359246979727], [1.2611968502224262, 8.05832343848597], [1.265917425253531, 8.082143568758395], [1.2595079836079113, 8.09266266091922], [1.2843228137602685, 8.090295037392965], [1.294768817913945, 8.079431192557252], [1.3017806988218996, 8.05883297703755], [1.349362249290142, 8.044835331137289]]]}}, {"id": "130", "type": "Feature", "properties": {"canton_id": 130}, "geometry": {"type": "Polygon", "coordinates": [[[1.2213203484093347, 7.994929544151705], [1.26444929047113, 7.986585798740696], [1.2298338429624525, 7.949411079379583], [1.2194792407527937, 7.911870750464989], [1.200049672120639, 7.90246934628534], [1.1865117196722632, 7.877918789722167], [1.1531324838284391, 7.905638874960229], [1.152029400218927, 7.973623142226779], [1.17588772878655, 7.980010862217896], [1.1899940991352294, 7.9950751524933255], [1.2096675028592734, 8.002356509869381], [1.2213203484093347, 7.994929544151705]]]}}, {"id": "131", "type": "Feature", "properties": {"canton_id": 131}, "geometry": {"type": "Polygon", "coordinates": [[[1.195290372799938, 6.962818356644], [1.197723137940004, 6.945040725371003], [1.186195199249447, 6.9165951622133], [1.1468205519130514, 6.920936853227166], [1.115979572497505, 6.898479830564215], [1.0989122346918383, 6.859853749521813], [1.10885057596613, 6.828895520772392], [0.8838884398045069, 6.835673449828183], [0.8880437944002285, 6.85664286288309], [0.8839937954283718, 6.880037295282954], [0.887285252281212, 6.89929619718073], [0.9419303087468714, 6.910073445242502], [0.9680559072934726, 6.910646294357096], [0.9832332965678626, 6.919551429858142], [0.9955972042766068, 6.920156061290293], [1.0128434094353418, 6.933146165864597], [1.0403948887926155, 6.9331461656892674], [1.0431595757654517, 6.936764146247522], [1.0268787521264742, 6.952370612693354], [1.0078238856071675, 6.946025703413323], [0.9940826728052586, 6.954543652687189], [0.991785360659487, 6.991498924895057], [0.9861283550201841, 7.000582351392506], [1.0468867974475196, 6.992125618258211], [1.0698678183138213, 6.977378839299045], [1.1073710474489415, 6.977154269190866], [1.195290372799938, 6.962818356644]]]}}, {"id": "132", "type": "Feature", "properties": {"canton_id": 132}, "geometry": {"type": "Polygon", "coordinates": [[[1.413460275844173, 6.938565617444744], [1.465120164006231, 6.851358233154251], [1.4366182862631394, 6.858204752344031], [1.39526557886599, 6.856753406420392], [1.3044478896639267, 6.80526900296824], [1.2375440680993859, 6.741289037379938], [1.2381228462121587, 6.735328147116734], [1.2129191171109883, 6.747655023990264], [1.1859386953377893, 6.773145943232423], [1.181925405779115, 6.770357759709446], [1.163429854798699, 6.780726200724527], [1.1611735946202075, 6.787058025011628], [1.1397265129483416, 6.7964377360330275], [1.1208556406891237, 6.813231386338469], [1.1498896777782763, 6.828451345193115], [1.1666575885921002, 6.843123267350006], [1.1882163316301304, 6.849111806679497], [1.24727830323843, 6.849635803913513], [1.2549136904808482, 6.861313456005271], [1.2553254025899192, 6.876846230669741], [1.2657679187574555, 6.905478935667978], [1.3144248028609762, 6.88204877436233], [1.3368818263099487, 6.889833876258162], [1.388233553575518, 6.9298073776067515], [1.413460275844173, 6.938565617444744]]]}}, {"id": "133", "type": "Feature", "properties": {"canton_id": 133}, "geometry": {"type": "Polygon", "coordinates": [[[1.186195199249447, 6.9165951622133], [1.2141167653055116, 6.904880081580314], [1.2657679187574555, 6.905478935667978], [1.2553254025899192, 6.876846230669741], [1.2549136904808482, 6.861313456005271], [1.24727830323843, 6.849635803913513], [1.1882163316301304, 6.849111806679497], [1.1666575885921002, 6.843123267350006], [1.1498896777782763, 6.828451345193115], [1.1177430498159684, 6.811728933640666], [1.1039562906272917, 6.812519649879097], [1.1146366582503475, 6.82709545159509], [1.10885057596613, 6.828895520772392], [1.0989122346918383, 6.859853749521813], [1.115979572497505, 6.898479830564215], [1.1468205519130514, 6.920936853227166], [1.186195199249447, 6.9165951622133]]]}}, {"id": "134", "type": "Feature", "properties": {"canton_id": 134}, "geometry": {"type": "Polygon", "coordinates": [[[1.4002106321539942, 7.162349855778145], [1.4083700176909855, 7.158681875109239], [1.442718314977396, 7.162976678274121], [1.441365535755669, 7.128857020833314], [1.461557479549823, 7.122185113669337], [1.4663674712186594, 7.112262942004717], [1.4616384967466884, 7.101243020564701], [1.4995848003157215, 7.107444515172987], [1.5078417175635923, 7.091701792352205], [1.542390543613257, 7.080640584179384], [1.577098791153263, 7.060889644929471], [1.560349532715464, 7.0426837903732045], [1.5500659268100263, 7.039910057878423], [1.5339210185907768, 7.019553743591716], [1.5357975781150097, 7.014306177079289], [1.5532121958145, 7.013406596066925], [1.5600051326426834, 6.97210449775821], [1.580272835492508, 6.940034731681199], [1.57797927103634, 6.922605186480458], [1.5824426634215063, 6.910375303283686], [1.5029352341330802, 6.871865045289526], [1.4805506446900702, 6.847640603484759], [1.4612473239489137, 6.852290747215348], [1.413460275844173, 6.938565617444744], [1.360461700564468, 6.974683996401352], [1.35484744537411, 6.98359194874624], [1.3570931470388787, 6.9987878683731175], [1.3237070390505217, 7.043177917738905], [1.3186167807273281, 7.110548988153702], [1.3328395617845943, 7.126568331712034], [1.3512543214951969, 7.1258197641049605], [1.372813063595929, 7.14423452359903], [1.3788016033173685, 7.140341972521843], [1.3834427216964422, 7.142737388440791], [1.3871855592144562, 7.149474495385696], [1.3825444406693352, 7.158008164219008], [1.4002106321539942, 7.162349855778145]]]}}, {"id": "135", "type": "Feature", "properties": {"canton_id": 135}, "geometry": {"type": "Polygon", "coordinates": [[[1.111039027710354, 7.113992398180079], [1.128630362292225, 7.1051593020353065], [1.2146407625811741, 7.119382083789184], [1.272130742126757, 7.122526067530033], [1.310607108696396, 7.113692971288073], [1.3186167807273281, 7.110548988153702], [1.3237070390505217, 7.043177917738905], [1.2839581079473215, 7.03636595373883], [1.2618005116949973, 7.0270837172645155], [1.217784745403684, 6.996691879009635], [1.195290372799938, 6.962818356644], [1.1073710474489415, 6.977154269190866], [1.0698678183138213, 6.977378839299045], [1.0468867974475196, 6.992125618258211], [0.9861283550201841, 7.000582351392506], [0.9816720166295542, 7.022634499044039], [0.9674088964305255, 7.0323433107326725], [0.967855155926821, 7.046399511948673], [0.9604652363087441, 7.05623990739495], [0.963662189170102, 7.074435314178563], [1.0255526245859727, 7.119831224104525], [1.0455768043806049, 7.141558394440646], [1.0613902463749214, 7.150819826030042], [1.083641459247742, 7.14767793340519], [1.1035533532257684, 7.131059736505726], [1.111039027710354, 7.113992398180079]]]}}, {"id": "136", "type": "Feature", "properties": {"canton_id": 136}, "geometry": {"type": "Polygon", "coordinates": [[[0.9765296067692905, 7.300047635346581], [0.9893966211782123, 7.290637352077405], [0.9977913587506101, 7.25440216426063], [1.0080736264497117, 7.251580130884162], [1.0154184324295048, 7.230507738969777], [1.0304171082306242, 7.212027343008662], [1.0357320312462293, 7.193545258385048], [1.0647229460254959, 7.175115133691972], [1.0455768043806049, 7.141558394440646], [1.0255526245859727, 7.119831224104525], [0.963662189170102, 7.074435314178563], [0.9608092403964384, 7.085289106953556], [0.9405316330582852, 7.113101136185016], [0.9392295528080824, 7.143517263339012], [0.9280690669279946, 7.169893633285547], [0.9338708235561175, 7.210340160367854], [0.9318727248726002, 7.263668118151935], [0.9578225056744597, 7.299127461967911], [0.9765296067692905, 7.300047635346581]]]}}, {"id": "137", "type": "Feature", "properties": {"canton_id": 137}, "geometry": {"type": "Polygon", "coordinates": [[[1.470942775403756, 7.285423662811557], [1.4561340712690423, 7.256182696411061], [1.4529299832868061, 7.2365247295605934], [1.468392946657225, 7.2247551772308745], [1.4753930050187507, 7.204354683424567], [1.4834998013221858, 7.198057605214013], [1.4822988070568202, 7.190411133442954], [1.4471693805488184, 7.187712360190147], [1.440542597735449, 7.178234687195398], [1.442718314977396, 7.162976678274121], [1.4083700176909855, 7.158681875109239], [1.3967672224550254, 7.1632481365021565], [1.3825444406693352, 7.158008164219008], [1.3871855592144562, 7.149474495385696], [1.3834427216964422, 7.142737388440791], [1.3788016033173685, 7.140341972521843], [1.372813063595929, 7.14423452359903], [1.3512543214951969, 7.1258197641049605], [1.3328395617845943, 7.126568331712034], [1.3186167807273281, 7.110548988153702], [1.272130742126757, 7.122526067530033], [1.2146407625811741, 7.119382083789184], [1.128630362292225, 7.1051593020353065], [1.111039027710354, 7.113992398180079], [1.1035533532257684, 7.131059736505726], [1.083641459247742, 7.14767793340519], [1.0613902463749214, 7.150819826030042], [1.0455768043806049, 7.141558394440646], [1.0647229460254959, 7.175115133691972], [1.0775841836071778, 7.182301793195603], [1.108853377769937, 7.218227880120007], [1.1366598854090588, 7.234365227129364], [1.1683651047310428, 7.239501520568772], [1.2478628739573538, 7.231337345279829], [1.2792782787465038, 7.219622298290728], [1.3307228422006792, 7.220029529333652], [1.344160737574877, 7.225824967749767], [1.360789231420464, 7.257983579125021], [1.3835592453685517, 7.26240784685868], [1.4202095193404987, 7.283808954224609], [1.4524392083194053, 7.28845530914083], [1.472891178581193, 7.298641217562862], [1.470942775403756, 7.285423662811557]]]}}, {"id": "138", "type": "Feature", "properties": {"canton_id": 138}, "geometry": {"type": "Polygon", "coordinates": [[[0.681022148600617, 6.910614511519103], [0.72883582748323, 6.90966421720384], [0.7254627008813236, 6.884385067760523], [0.7129918516745973, 6.864469596765813], [0.6597613255840954, 6.8678121530338405], [0.6470638778862847, 6.852953272933776], [0.6486076709384769, 6.839366589834314], [0.6395590122239037, 6.836861499609542], [0.6297999136168001, 6.835792180156457], [0.6202482739380635, 6.846519700121028], [0.6062905436831688, 6.8502549400792505], [0.6284593671877206, 6.8693348404406605], [0.6201483934760385, 6.884489066111867], [0.6605474314472773, 6.887057578888779], [0.681022148600617, 6.910614511519103]]]}}, {"id": "139", "type": "Feature", "properties": {"canton_id": 139}, "geometry": {"type": "Polygon", "coordinates": [[[0.6605474314472773, 6.887057578888779], [0.6201483934760385, 6.884489066111867], [0.610498124170089, 6.914724131800229], [0.6045538509995214, 6.916852328305377], [0.6144242793286182, 6.942069620651643], [0.6135198470501018, 6.950778105533057], [0.646237146006252, 6.944638134053832], [0.649392747241204, 6.922475537417229], [0.681022148600617, 6.910614511519103], [0.6605474314472773, 6.887057578888779]]]}}, {"id": "140", "type": "Feature", "properties": {"canton_id": 140}, "geometry": {"type": "Polygon", "coordinates": [[[0.7356856027648777, 6.9568179333580655], [0.72883582748323, 6.90966421720384], [0.6939380989878253, 6.909146790047073], [0.6626022417169881, 6.914623225907572], [0.649392747241204, 6.922475537417229], [0.646237146006252, 6.944638134053832], [0.6502733804416413, 6.951389653607001], [0.6417784028551204, 6.9589251629815125], [0.6891500180086578, 6.9539381058547365], [0.7245034020279213, 6.963975366158128], [0.7316516969326837, 6.963264741007374], [0.7356856027648777, 6.9568179333580655]]]}}, {"id": "141", "type": "Feature", "properties": {"canton_id": 141}, "geometry": {"type": "Polygon", "coordinates": [[[0.6296268925570322, 6.836007488226747], [0.6486076709384769, 6.839366589834314], [0.6764543793591609, 6.806279908337982], [0.6689902860994812, 6.774603364199914], [0.6489515806701066, 6.757158347316973], [0.6358911483779123, 6.755140813380761], [0.6274906294020751, 6.747799887040203], [0.6187343362090525, 6.755138743899092], [0.6059255517735914, 6.750007870408402], [0.6004731511485095, 6.757131651518367], [0.5802824115719823, 6.763023613112529], [0.59242768408433, 6.801657504833638], [0.630997621602047, 6.820671117554012], [0.6296268925570322, 6.836007488226747]]]}}, {"id": "142", "type": "Feature", "properties": {"canton_id": 142}, "geometry": {"type": "Polygon", "coordinates": [[[0.5909266363498974, 6.852153363032605], [0.5985361925143711, 6.853776991078864], [0.6202482739380635, 6.846519700121028], [0.629816072582071, 6.835588192168179], [0.630997621602047, 6.820671117554012], [0.59242768408433, 6.801657504833638], [0.5802824115719823, 6.763023613112529], [0.5742908175855995, 6.772244619870758], [0.5778025912050374, 6.774598819040047], [0.5664081662932671, 6.78782311408647], [0.570448182097496, 6.795602401547962], [0.567770613345817, 6.802132721055184], [0.5802613887220578, 6.804302036213044], [0.566964754587143, 6.811468922930514], [0.5657758120118526, 6.8216194422721435], [0.5909266363498974, 6.852153363032605]]]}}, {"id": "143", "type": "Feature", "properties": {"canton_id": 143}, "geometry": {"type": "Polygon", "coordinates": [[[0.5529721286686112, 6.881616139450444], [0.5910063789525128, 6.852053392037868], [0.5657758120118526, 6.8216194422721435], [0.5476491010018353, 6.834152355524723], [0.5396750521021294, 6.8260020860327035], [0.5316686921585496, 6.828987101387344], [0.5346167533694465, 6.834215127476668], [0.5308482616328193, 6.833092365473866], [0.5306549541987285, 6.8576373553222085], [0.5420283663016301, 6.860330630683515], [0.5429505936053823, 6.865873949567373], [0.5349191123706483, 6.877477730824753], [0.5529721286686112, 6.881616139450444]]]}}, {"id": "144", "type": "Feature", "properties": {"canton_id": 144}, "geometry": {"type": "Polygon", "coordinates": [[[0.5584076310440655, 6.8899253291569265], [0.6014349423498474, 6.891424051624283], [0.6201483934760385, 6.884489066111867], [0.6284593671877206, 6.8693348404406605], [0.6062905436831688, 6.8502549400792505], [0.5910241199790747, 6.852073522343167], [0.5529196239932582, 6.881559166707773], [0.5584076310440655, 6.8899253291569265]]]}}, {"id": "145", "type": "Feature", "properties": {"canton_id": 145}, "geometry": {"type": "Polygon", "coordinates": [[[0.5967015409435913, 6.920081315892633], [0.610498124170089, 6.914724131800229], [0.6201483934760385, 6.884489066111867], [0.5942431068455749, 6.892378070257294], [0.5583534715185837, 6.889915226202319], [0.5617602060035334, 6.916545494830421], [0.5967015409435913, 6.920081315892633]]]}}, {"id": "146", "type": "Feature", "properties": {"canton_id": 146}, "geometry": {"type": "Polygon", "coordinates": [[[0.693248442524667, 7.086480339582101], [0.6845412709932021, 7.0819433793965265], [0.6907909301681031, 7.061150267044396], [0.7086876734313592, 7.031738236650805], [0.7284002904080442, 7.018084900423347], [0.6979345738141656, 7.010619282761416], [0.6498484725513967, 7.013629927324622], [0.6421007995862882, 7.019777537196029], [0.6328741209745444, 7.050784019394066], [0.6375900960627134, 7.057815875054911], [0.6373795615872188, 7.0719216929481785], [0.6492958196366411, 7.082995812840628], [0.653170976886138, 7.114631747994849], [0.701380890767723, 7.120430916873329], [0.7013942967043058, 7.104496249637538], [0.693248442524667, 7.086480339582101]]]}}, {"id": "147", "type": "Feature", "properties": {"canton_id": 147}, "geometry": {"type": "Polygon", "coordinates": [[[0.7284002904080442, 7.018084900423347], [0.754115745946237, 7.000421418196934], [0.7412420549744825, 6.993244162008776], [0.7339805429991129, 6.965161481849258], [0.6891500180086578, 6.9539381058547365], [0.6785811814075672, 6.954527602580623], [0.6772600767650074, 6.99348176627587], [0.6498484725513967, 7.013629927324622], [0.6979345738141656, 7.010619282761416], [0.7284002904080442, 7.018084900423347]]]}}, {"id": "148", "type": "Feature", "properties": {"canton_id": 148}, "geometry": {"type": "Polygon", "coordinates": [[[0.6394428005696529, 7.075963957033531], [0.6328741209745444, 7.050784019394066], [0.6421007995862882, 7.019777537196029], [0.6772600767650074, 6.99348176627587], [0.6785811814075672, 6.954527602580623], [0.6417784028551204, 6.9589251629815125], [0.627964010960916, 6.985660953275588], [0.6263495179642132, 7.002833296554914], [0.5994033682637014, 7.018162168077382], [0.6041326178419172, 7.024930787237444], [0.6036848923053244, 7.03836021203255], [0.5973336442644542, 7.05991722859469], [0.6130024112840559, 7.086777645427888], [0.6122729821638387, 7.104880662562264], [0.6347782084238298, 7.113778611599862], [0.653170976886138, 7.114631747994849], [0.6492958196366411, 7.082995812840628], [0.6394428005696529, 7.075963957033531]]]}}, {"id": "149", "type": "Feature", "properties": {"canton_id": 149}, "geometry": {"type": "Polygon", "coordinates": [[[0.5812420019065292, 6.950394683065448], [0.6135198470501018, 6.950778105533057], [0.6144242793286182, 6.942069620651643], [0.604554767455329, 6.916855687020869], [0.5657743352902369, 6.918813466951657], [0.5625423603673375, 6.924521590824068], [0.5812420019065292, 6.950394683065448]]]}}, {"id": "150", "type": "Feature", "properties": {"canton_id": 150}, "geometry": {"type": "Polygon", "coordinates": [[[0.5332526314145267, 6.9784935569685], [0.5402492969973889, 6.971488266081353], [0.5669618309162794, 6.96532383513372], [0.5710531050324231, 6.952967454311261], [0.5812420019065292, 6.950394683065448], [0.5625423603673375, 6.924521590824068], [0.557472308775478, 6.9304046982549465], [0.5486562533074886, 6.929771059080713], [0.5412541980451907, 6.938801706576382], [0.5230066702042007, 6.943303929314319], [0.5256967232225922, 6.963563822894876], [0.5215536887615001, 6.97561923926858], [0.5332526314145267, 6.9784935569685]]]}}, {"id": "151", "type": "Feature", "properties": {"canton_id": 151}, "geometry": {"type": "Polygon", "coordinates": [[[0.6282575559093068, 6.998576904258286], [0.627964010960916, 6.985660953275588], [0.6375775884020655, 6.965112850246117], [0.6502733804416413, 6.951389653607001], [0.646237146006252, 6.944638134053832], [0.5710531050324231, 6.952967454311261], [0.5669618309162794, 6.96532383513372], [0.5402492969973889, 6.971488266081353], [0.5329013383005955, 6.978845273106496], [0.5532766394808383, 6.993746823246533], [0.5701257784791682, 6.997518604259975], [0.5768538333630926, 6.992181877236669], [0.5819705267279617, 6.993851085206409], [0.5945610046198399, 7.003297134401196], [0.5963613610826769, 7.008398343629657], [0.5924448831694193, 7.0106015343188925], [0.5994109928955068, 7.018169864264483], [0.6282575559093068, 6.998576904258286]]]}}, {"id": "152", "type": "Feature", "properties": {"canton_id": 152}, "geometry": {"type": "Polygon", "coordinates": [[[0.9523859615633578, 7.09218868465642], [0.906947654089504, 7.0938701644783375], [0.8668244382435288, 7.082042799332726], [0.8285352137516948, 7.077513965988423], [0.8077250389219153, 7.080358522201257], [0.7637949945549342, 7.110638651198441], [0.758105882060267, 7.125310573039027], [0.7441076702623569, 7.138934501100511], [0.7103847072243036, 7.141741628914316], [0.7021642890540122, 7.146592222770945], [0.7138384943169052, 7.170601434586871], [0.7194049446447289, 7.165733215215386], [0.7427602494397052, 7.165171790146098], [0.8187289798536495, 7.139270780761022], [0.880186367636115, 7.135827370051282], [0.9392295528080824, 7.143517263339012], [0.9375167291740134, 7.124117023421876], [0.9523859615633578, 7.09218868465642]]]}}, {"id": "153", "type": "Feature", "properties": {"canton_id": 153}, "geometry": {"type": "Polygon", "coordinates": [[[0.9523859615633578, 7.09218868465642], [0.9608092403964384, 7.085289106953556], [0.963662189170102, 7.074435314178563], [0.962256730338331, 7.051692447865612], [0.8931740127992166, 7.0455127081939946], [0.8715404133820396, 7.037952176638963], [0.8570182051590753, 7.016094007045446], [0.7986299437398033, 7.031065355882752], [0.7799736427966354, 7.05446371028718], [0.756148741711786, 7.062991757332783], [0.7241100548367317, 7.08335279198766], [0.693248442524667, 7.086480339582101], [0.7029689715200791, 7.113448134383457], [0.6956617189188343, 7.129172659262492], [0.7021642890540122, 7.146592222770945], [0.7103847072243036, 7.141741628914316], [0.7441076702623569, 7.138934501100511], [0.758105882060267, 7.125310573039027], [0.7637949945549342, 7.110638651198441], [0.8077250389219153, 7.080358522201257], [0.8285352137516948, 7.077513965988423], [0.8668244382435288, 7.082042799332726], [0.906947654089504, 7.0938701644783375], [0.9523859615633578, 7.09218868465642]]]}}, {"id": "154", "type": "Feature", "properties": {"canton_id": 154}, "geometry": {"type": "Polygon", "coordinates": [[[0.7799736427966354, 7.05446371028718], [0.7986299437398033, 7.031065355882752], [0.7774212919703003, 7.005050772249125], [0.754115745946237, 7.000421418196934], [0.7086876734313592, 7.031738236650805], [0.6907909301681031, 7.061150267044396], [0.6845412709932021, 7.0819433793965265], [0.693248442524667, 7.086480339582101], [0.7241100548367317, 7.08335279198766], [0.756148741711786, 7.062991757332783], [0.7799736427966354, 7.05446371028718]]]}}, {"id": "155", "type": "Feature", "properties": {"canton_id": 155}, "geometry": {"type": "Polygon", "coordinates": [[[0.9847324883735709, 7.016819724558825], [0.9833165418352334, 7.00859310653254], [0.991785360659487, 6.991498924895057], [0.9940826728052586, 6.954543652687189], [1.0078238856071675, 6.946025703413323], [1.0268787521264742, 6.952370612693354], [1.0431595757654517, 6.936764146247522], [1.0403948887926155, 6.9331461656892674], [1.0128434094353418, 6.933146165864597], [0.9955972042766068, 6.920156061290293], [0.9832332965678626, 6.919551429858142], [0.9680559072934726, 6.910646294357096], [0.9419303087468714, 6.910073445242502], [0.8488552497799478, 6.8930979447477245], [0.823835455454265, 6.881297793744191], [0.8263429336543766, 6.886221725966631], [0.8170096140430921, 6.893989125153088], [0.8207108237573857, 6.920843389330154], [0.8079629539208912, 6.933568130742931], [0.8085720573861288, 6.946516094441282], [0.8021873978476629, 6.954433480081804], [0.8014205042327964, 6.972510855880598], [0.7957020204376823, 6.978649451737891], [0.7979383583515615, 6.991983104900335], [0.7818286529451539, 6.996452263790099], [0.7774212919703003, 7.005050772249125], [0.7936519702696745, 7.027116662470841], [0.7986299437398033, 7.031065355882752], [0.8570182051590753, 7.016094007045446], [0.8715404133820396, 7.037952176638963], [0.8931740127992166, 7.0455127081939946], [0.962256730338331, 7.051692447865612], [0.967855155926821, 7.046399511948673], [0.9674088964305255, 7.0323433107326725], [0.9847324883735709, 7.016819724558825]]]}}, {"id": "156", "type": "Feature", "properties": {"canton_id": 156}, "geometry": {"type": "Polygon", "coordinates": [[[0.9318996608417988, 7.254689486257764], [0.8798340968514333, 7.241566863079905], [0.8380640330693089, 7.262227324612866], [0.7793358821137669, 7.279326605059242], [0.7844032017088416, 7.288974861507752], [0.8068909678339397, 7.287249138186406], [0.8266015952492898, 7.295403048873567], [0.8733969513175361, 7.299606783954379], [0.8792639216351722, 7.303851803203228], [0.9233129984451339, 7.288457010675808], [0.9568647137075231, 7.299848447162181], [0.9485554767463088, 7.282092928365476], [0.9318727248726002, 7.263668118151935], [0.9318996608417988, 7.254689486257764]]]}}, {"id": "157", "type": "Feature", "properties": {"canton_id": 157}, "geometry": {"type": "Polygon", "coordinates": [[[0.879800589225927, 7.241585237685367], [0.8771546697265692, 7.23198085897175], [0.853259952152032, 7.219184696045513], [0.847421126276312, 7.2084053247356055], [0.8382137470566823, 7.209228748886468], [0.8230926845650731, 7.219933263186612], [0.7967210968180631, 7.251481041064307], [0.7683630360275109, 7.260226921776884], [0.7793358821137669, 7.279326605059242], [0.8380640330693089, 7.262227324612866], [0.879800589225927, 7.241585237685367]]]}}, {"id": "158", "type": "Feature", "properties": {"canton_id": 158}, "geometry": {"type": "Polygon", "coordinates": [[[0.8382137470566823, 7.209228748886468], [0.847421126276312, 7.2084053247356055], [0.853259952152032, 7.219184696045513], [0.8771546697265692, 7.23198085897175], [0.879800589225927, 7.241585237685367], [0.9318996608417988, 7.254689486257764], [0.931115464671964, 7.194601539381061], [0.8144621454880802, 7.190173367087516], [0.7497644024346836, 7.221754870916212], [0.7683630360275109, 7.260226921776884], [0.7967210968180631, 7.251481041064307], [0.8230926845650731, 7.219933263186612], [0.8382137470566823, 7.209228748886468]]]}}, {"id": "159", "type": "Feature", "properties": {"canton_id": 159}, "geometry": {"type": "Polygon", "coordinates": [[[0.7497644024346836, 7.221754870916212], [0.8144621454880802, 7.190173367087516], [0.8117298746295515, 7.17314345717529], [0.7976568062956434, 7.17112232571714], [0.7411134002430428, 7.180835564111615], [0.7256485548205475, 7.19091183663004], [0.7497644024346836, 7.221754870916212]]]}}, {"id": "160", "type": "Feature", "properties": {"canton_id": 160}, "geometry": {"type": "Polygon", "coordinates": [[[0.931115464671964, 7.194601539381061], [0.9280690669279946, 7.169893633285547], [0.9392295528080824, 7.143517263339012], [0.9137221887326201, 7.13822278634464], [0.8187289798536495, 7.139270780761022], [0.7427602494397052, 7.165171790146098], [0.7194049446447289, 7.165733215215386], [0.7138384943169052, 7.170601434586871], [0.7256485548205475, 7.19091183663004], [0.7411134002430428, 7.180835564111615], [0.7976568062956434, 7.17112232571714], [0.8117298746295515, 7.17314345717529], [0.8144621454880802, 7.190173367087516], [0.931115464671964, 7.194601539381061]]]}}, {"id": "161", "type": "Feature", "properties": {"canton_id": 161}, "geometry": {"type": "Polygon", "coordinates": [[[1.6324635333623603, 7.107997277108066], [1.6330398608775827, 7.001478106097189], [1.5574163132192234, 7.001492970320994], [1.552086238402301, 7.015580589198878], [1.5341462068160012, 7.015730514272229], [1.5481893436661995, 7.038110884630542], [1.560349532715464, 7.0426837903732045], [1.5766484220041195, 7.057965994416872], [1.5764232324115508, 7.063363498368453], [1.5624615260288606, 7.066062240826225], [1.5506766281087065, 7.076332496423093], [1.56546391432465, 7.077736001775562], [1.572556591204998, 7.082695261279566], [1.574877149625264, 7.091752927048205], [1.6060924124168598, 7.101110020248048], [1.6194169132671834, 7.099762598521647], [1.6324635333623603, 7.107997277108066]]]}}, {"id": "162", "type": "Feature", "properties": {"canton_id": 162}, "geometry": {"type": "Polygon", "coordinates": [[[1.6324635333623603, 7.107997277108066], [1.6194169132671834, 7.099762598521647], [1.6060924124168598, 7.101110020248048], [1.574877149625264, 7.091752927048205], [1.572556591204998, 7.082695261279566], [1.56546391432465, 7.077736001775562], [1.5506766281087065, 7.076332496423093], [1.5078417175635923, 7.091701792352205], [1.4995848003157215, 7.107444515172987], [1.485433459368805, 7.107914952748789], [1.4638904090741633, 7.1001185441520995], [1.460962937571468, 7.103941784584181], [1.4663674712186594, 7.112262942004717], [1.461557479549823, 7.122185113669337], [1.441365535755669, 7.128857020833314], [1.4413682948247188, 7.181158325698741], [1.4537749172478438, 7.19033615384344], [1.5302063879283148, 7.1827225867353865], [1.5778527051692364, 7.200239064755824], [1.5994863044173668, 7.197282223427641], [1.6321929752479905, 7.202613433699058], [1.6324635333623603, 7.107997277108066]]]}}, {"id": "163", "type": "Feature", "properties": {"canton_id": 163}, "geometry": {"type": "Polygon", "coordinates": [[[1.544235009750441, 7.281999005167413], [1.53278192753255, 7.267701366324808], [1.5291888039170085, 7.247265475036745], [1.5778527051692364, 7.200239064755824], [1.5302063879283148, 7.1827225867353865], [1.505353948156134, 7.182310874022089], [1.4799718529269161, 7.188312098836222], [1.4834998013221858, 7.198057605214013], [1.4753930050187507, 7.204354683424567], [1.468392946657225, 7.2247551772308745], [1.4529299832868061, 7.2365247295605934], [1.472891178581193, 7.298641217562862], [1.52519184300645, 7.321029562678485], [1.523799118143009, 7.30666430202379], [1.544235009750441, 7.281999005167413]]]}}, {"id": "164", "type": "Feature", "properties": {"canton_id": 164}, "geometry": {"type": "Polygon", "coordinates": [[[1.6317559037922915, 7.344333129561007], [1.575204896832894, 7.329382809065643], [1.5528575690927755, 7.342470434286294], [1.5859911487904077, 7.36440036023132], [1.598607877449747, 7.381164751891436], [1.632467806917193, 7.405841133855008], [1.6317559037922915, 7.344333129561007]]]}}, {"id": "165", "type": "Feature", "properties": {"canton_id": 165}, "geometry": {"type": "Polygon", "coordinates": [[[1.631731403, 7.3443318159402615], [1.63200122414086, 7.286982470628389], [1.544235009750441, 7.281999005167413], [1.523799118143009, 7.30666430202379], [1.52519184300645, 7.321029562678485], [1.5376934500161064, 7.335067486079468], [1.5528575690927755, 7.342470434286294], [1.575204896832894, 7.329382809065643], [1.6223854510148092, 7.343830675807156], [1.631731403, 7.3443318159402615]]]}}, {"id": "166", "type": "Feature", "properties": {"canton_id": 166}, "geometry": {"type": "Polygon", "coordinates": [[[1.6320091341708705, 7.286998387317795], [1.632189828010316, 7.202612104861464], [1.628129623419334, 7.200898163208877], [1.5994863044173668, 7.197282223427641], [1.5778527051692364, 7.200239064755824], [1.5291888039170085, 7.247265475036745], [1.53278192753255, 7.267701366324808], [1.544235009750441, 7.281999005167413], [1.6320091341708705, 7.286998387317795]]]}}, {"id": "167", "type": "Feature", "properties": {"canton_id": 167}, "geometry": {"type": "Polygon", "coordinates": [[[1.2901217441172457, 7.6585695749116915], [1.2330839668515632, 7.645587822338139], [1.2099786202918064, 7.627749541212675], [1.1933148767037383, 7.59111866742333], [1.1735312675132763, 7.57306933638175], [1.169970952176202, 7.560626584588431], [1.1502240481902215, 7.554240039397281], [1.141732991756906, 7.562727404772913], [1.148957350290242, 7.596942488590097], [1.1501326796475198, 7.63762602956239], [1.113216720045809, 7.707050147552843], [1.144546143429, 7.709906427601408], [1.1514753870868824, 7.736604089745011], [1.1735404980294253, 7.739587799143482], [1.1896678275805317, 7.722251998941373], [1.1926012868573004, 7.705859874056483], [1.1892919754464282, 7.689007606220213], [1.1932875728234285, 7.679371167088051], [1.2659242407910112, 7.6809073243245045], [1.2789762521909402, 7.673159369864305], [1.2901217441172457, 7.6585695749116915]]]}}, {"id": "168", "type": "Feature", "properties": {"canton_id": 168}, "geometry": {"type": "Polygon", "coordinates": [[[1.2904712263293672, 7.657053002440799], [1.2987171595742244, 7.635508507889481], [1.2946233010283315, 7.622095604594781], [1.2837427652583113, 7.613883645042548], [1.2837847263315498, 7.606359164364604], [1.2978141743685914, 7.5978511259313635], [1.3061405943323414, 7.603318199900401], [1.3159808663371857, 7.598610531117067], [1.3171325064552237, 7.593580017571622], [1.307203533271759, 7.583623295864984], [1.3066944761043582, 7.5709448407487105], [1.3304093158201626, 7.557471007905433], [1.3482592529063737, 7.559411330518826], [1.3493395422030796, 7.547083653932508], [1.3362399038076547, 7.541190721499253], [1.3368877927088132, 7.533107689108684], [1.3083736260472474, 7.52416087946025], [1.2886634264806216, 7.528859027876228], [1.2710453703871178, 7.523830540799947], [1.2305215483227083, 7.534685832269931], [1.177410451985829, 7.509635159982687], [1.1550575433701287, 7.506313422018044], [1.144046259207646, 7.510901457248068], [1.141550367226945, 7.530831883292472], [1.1124756966602052, 7.533967234689536], [1.119268455800487, 7.557008428703171], [1.141732991756906, 7.562727404772913], [1.1502240481902215, 7.554240039397281], [1.169970952176202, 7.560626584588431], [1.1735312675132763, 7.57306933638175], [1.1933148767037383, 7.59111866742333], [1.2099786202918064, 7.627749541212675], [1.2330839668515632, 7.645587822338139], [1.2657874823486197, 7.655699852303414], [1.2904712263293672, 7.657053002440799]]]}}, {"id": "169", "type": "Feature", "properties": {"canton_id": 169}, "geometry": {"type": "Polygon", "coordinates": [[[1.1124756966602052, 7.533967234689536], [1.141550367226945, 7.530831883292472], [1.144046259207646, 7.510901457248068], [1.1550575433701287, 7.506313422018044], [1.177410451985829, 7.509635159982687], [1.2305215483227083, 7.534685832269931], [1.2419388744857764, 7.529299478848826], [1.2308174770245082, 7.51336982015021], [1.229734700817186, 7.492136393077047], [1.2166618315429356, 7.474048995329197], [1.1782294161494717, 7.472293140615008], [1.1443282847746936, 7.479976502441495], [1.1414610295800793, 7.501543708856923], [1.1258645147447508, 7.506049269580375], [1.1124756966602052, 7.533967234689536]]]}}, {"id": "170", "type": "Feature", "properties": {"canton_id": 170}, "geometry": {"type": "Polygon", "coordinates": [[[1.295340778905263, 7.343124121982679], [1.287887910518319, 7.368372614007915], [1.236220932385576, 7.410904271148349], [1.255820688084211, 7.428706914649916], [1.260500668417029, 7.440931022276592], [1.308330063203777, 7.433985932512944], [1.3603714399071978, 7.41032395415744], [1.4108403430403962, 7.4174000832206195], [1.4315983945438988, 7.409058799316353], [1.4407836350527292, 7.389989441341675], [1.4418818699855296, 7.380604521008491], [1.4322972707366899, 7.366127783382666], [1.4380879662700419, 7.332781366344648], [1.33487724934016, 7.319986301155916], [1.295340778905263, 7.343124121982679]]]}}, {"id": "171", "type": "Feature", "properties": {"canton_id": 171}, "geometry": {"type": "Polygon", "coordinates": [[[1.1443282847746936, 7.479976502441495], [1.1782294161494717, 7.472293140615008], [1.2157595451846448, 7.4743302280105794], [1.2460038744060853, 7.455500930748807], [1.260500668417029, 7.440931022276592], [1.255820688084211, 7.428706914649916], [1.236220932385576, 7.410904271148349], [1.287887910518319, 7.368372614007915], [1.295340778905263, 7.343124121982679], [1.2880774497648537, 7.344097557444065], [1.273625672083204, 7.356677344318827], [1.2630676369384528, 7.352409201991573], [1.246444348774416, 7.362892357105071], [1.2370843883711575, 7.3569768624625915], [1.2336399233255653, 7.348141060414641], [1.220161581181385, 7.349488894461905], [1.1969488802975674, 7.361170124863253], [1.2003933458246567, 7.380638841193186], [1.1750840143610968, 7.380638841502939], [1.170740993171641, 7.3842330657471], [1.1547090999943714, 7.404111579410994], [1.1443282847746936, 7.479976502441495]]]}}, {"id": "172", "type": "Feature", "properties": {"canton_id": 172}, "geometry": {"type": "Polygon", "coordinates": [[[1.2166618315429356, 7.474048995329197], [1.229734700817186, 7.492136393077047], [1.2308174770245082, 7.51336982015021], [1.2419388744857764, 7.529299478848826], [1.2512984668740554, 7.53069424152863], [1.2710453703871178, 7.523830540799947], [1.2886634264806216, 7.528859027876228], [1.3083736260472474, 7.52416087946025], [1.3368877927088132, 7.533107689108684], [1.3619638013294593, 7.522950811177269], [1.374055548527834, 7.52316641973074], [1.3842074015488521, 7.510977977168248], [1.3753544387273435, 7.500557662112387], [1.3766499524974831, 7.496102090224808], [1.3831996479900397, 7.487837645387105], [1.4033813568357967, 7.481828703220081], [1.407006313722949, 7.462218058514417], [1.4305128011151367, 7.437289100518369], [1.4315983945438988, 7.409058799316353], [1.4108403430403962, 7.4174000832206195], [1.3603714399071978, 7.41032395415744], [1.308330063203777, 7.433985932512944], [1.260500668417029, 7.440931022276592], [1.2391034690686826, 7.460933164617004], [1.2166618315429356, 7.474048995329197]]]}}, {"id": "173", "type": "Feature", "properties": {"canton_id": 173}, "geometry": {"type": "Polygon", "coordinates": [[[1.1750840143610968, 7.380638841502939], [1.2003933458246567, 7.380638841193186], [1.1969488802975674, 7.361170124863253], [1.2098281855791346, 7.353382637837598], [1.2336399233255653, 7.348141060414641], [1.2370843883711575, 7.3569768624625915], [1.246444348774416, 7.362892357105071], [1.2630676369384528, 7.352409201991573], [1.273625672083204, 7.356677344318827], [1.2880774497648537, 7.344097557444065], [1.33487724934016, 7.319986301155916], [1.4380879662700419, 7.332781366344648], [1.438886682636917, 7.317006713813381], [1.472891178581193, 7.298641217562862], [1.4524392083194053, 7.28845530914083], [1.4202095193404987, 7.283808954224609], [1.3835592453685517, 7.26240784685868], [1.360789231420464, 7.257983579125021], [1.3383796258229093, 7.221806174786116], [1.2792782787465038, 7.219622298290728], [1.2478628739573538, 7.231337345279829], [1.1583880790292573, 7.238885911853343], [1.121885164442739, 7.2271249471571], [1.0976905260931846, 7.207082299579891], [1.0775841836071778, 7.182301793195603], [1.0647229460254959, 7.175115133691972], [1.040983622905697, 7.187965147558341], [1.0355254088805035, 7.1957150587828025], [1.0610429560315542, 7.245048613272154], [1.0625549900207505, 7.275471241084163], [1.0781586323100354, 7.331636421198359], [1.1164930534502604, 7.341807676627976], [1.1333993309563803, 7.3533443051158365], [1.1465953190628093, 7.375666947194087], [1.1547090999943714, 7.404111579410994], [1.1750840143610968, 7.380638841502939]]]}}, {"id": "174", "type": "Feature", "properties": {"canton_id": 174}, "geometry": {"type": "Polygon", "coordinates": [[[1.5393915888988872, 7.505734203226334], [1.5918551805963304, 7.484386490074552], [1.6359028490820688, 7.482265731630559], [1.632467806917193, 7.405841133855008], [1.598607877449747, 7.381164751891436], [1.5859911487904077, 7.36440036023132], [1.542201323040174, 7.338214461160757], [1.5148817490728723, 7.314922095688502], [1.472891178581193, 7.298641217562862], [1.438886682636917, 7.317006713813381], [1.4322972707366899, 7.366127783382666], [1.4418818699855296, 7.380604521008491], [1.4315983945438988, 7.409058799316353], [1.4305128011151367, 7.437289100518369], [1.4387509015426443, 7.44566721218899], [1.4469072706409878, 7.484726189397408], [1.502890118743073, 7.491972189290259], [1.5169373007577707, 7.503617244734692], [1.5393915888988872, 7.505734203226334]]]}}, {"id": "175", "type": "Feature", "properties": {"canton_id": 175}, "geometry": {"type": "Polygon", "coordinates": [[[0.6487732140567749, 7.474442212337848], [0.6586270940464871, 7.425690831439571], [0.6445376662561391, 7.401295437456744], [0.6337590904354308, 7.403835612412532], [0.6291625010157329, 7.400322927528373], [0.625458269874161, 7.409477257523648], [0.6147774441513172, 7.412523406843029], [0.5984139954806106, 7.400662279831205], [0.5677891068830396, 7.393363631736851], [0.5398036197725987, 7.417794572033925], [0.530771817166944, 7.456853250665775], [0.520332555009731, 7.4544173100180835], [0.5091748678477046, 7.464021381764971], [0.526818323341468, 7.478093011502393], [0.5236586232387572, 7.490708331810379], [0.5354075455516067, 7.494334157964751], [0.6031875065662003, 7.48880861732236], [0.6154357872902195, 7.476284059398244], [0.6336700706147909, 7.471311073457409], [0.6487732140567749, 7.474442212337848]]]}}, {"id": "176", "type": "Feature", "properties": {"canton_id": 176}, "geometry": {"type": "Polygon", "coordinates": [[[0.6705272617629666, 7.521043626218823], [0.6692177128787179, 7.488440247990216], [0.6487732140567749, 7.474442212337848], [0.6336700706147909, 7.471311073457409], [0.6154357872902195, 7.476284059398244], [0.6031875065662003, 7.48880861732236], [0.5354075455516067, 7.494334157964751], [0.5236586232387572, 7.490708331810379], [0.5172547880944691, 7.51454408688765], [0.6218822508648985, 7.550510483403614], [0.6322886857610295, 7.557049039703521], [0.6451438497973475, 7.581617834042693], [0.6705272617629666, 7.521043626218823]]]}}, {"id": "177", "type": "Feature", "properties": {"canton_id": 177}, "geometry": {"type": "Polygon", "coordinates": [[[0.5622410791772241, 7.615755194016352], [0.5804852361486976, 7.599046245891422], [0.6067232586271452, 7.603153092427587], [0.6253934111722629, 7.59937209260335], [0.632274360617032, 7.5878177336779125], [0.6451438497973475, 7.581617834042693], [0.6322886857610295, 7.557049039703521], [0.6218822508648985, 7.550510483403614], [0.5861504244506819, 7.5362361714834964], [0.5630352472677458, 7.533289216547287], [0.5416698251534339, 7.52071861231179], [0.5186621696855516, 7.517124320469632], [0.5274973609168213, 7.584750612179468], [0.526441745719015, 7.590592195409632], [0.5174639504991876, 7.592283075913816], [0.5454928580284861, 7.6092737912206365], [0.5548543429248244, 7.6074396414149374], [0.5622410791772241, 7.615755194016352]]]}}, {"id": "178", "type": "Feature", "properties": {"canton_id": 178}, "geometry": {"type": "Polygon", "coordinates": [[[0.6409171935602216, 7.705916696067305], [0.6589516913311736, 7.6677604688573675], [0.6599792123121232, 7.639643832617738], [0.6757174353673171, 7.630009977450383], [0.6691451136266875, 7.614907481347272], [0.6720335670842928, 7.589132864570608], [0.6531755380052761, 7.580349673176576], [0.632274360617032, 7.5878177336779125], [0.6253934111722629, 7.59937209260335], [0.6067232586271452, 7.603153092427587], [0.5804852361486976, 7.599046245891422], [0.562186109890364, 7.615835670445226], [0.5873932232377018, 7.626599176746027], [0.58294588043766, 7.65653866835847], [0.5893682731319478, 7.7028672103999485], [0.6087570567508186, 7.710611299018058], [0.6193617929375237, 7.703105302974955], [0.626440464596971, 7.703870795753759], [0.6221946371100592, 7.719916587314301], [0.6274758138918483, 7.721495684016389], [0.6409171935602216, 7.705916696067305]]]}}, {"id": "179", "type": "Feature", "properties": {"canton_id": 179}, "geometry": {"type": "Polygon", "coordinates": [[[0.7601083953971759, 7.531608684728064], [0.7564448185212902, 7.516836953182012], [0.759169017102451, 7.511200680905084], [0.7742180994605373, 7.51010431879332], [0.7673075641299866, 7.493033353349764], [0.745896095797984, 7.478920202472613], [0.7488430505420528, 7.452581793520415], [0.7230571960999871, 7.422559691255434], [0.7273947726425108, 7.378321058435128], [0.6797821438243661, 7.383134024721105], [0.6498544011775728, 7.377122506740379], [0.643548138834761, 7.391126449641329], [0.6445376662561391, 7.401295437456744], [0.6586270940464871, 7.425690831439571], [0.6487732140567749, 7.474442212337848], [0.6692177128787179, 7.488440247990216], [0.6704609598551418, 7.522099997094465], [0.6851842217145393, 7.527038448740665], [0.7067338288698661, 7.524828232810994], [0.7601083953971759, 7.531608684728064]]]}}, {"id": "180", "type": "Feature", "properties": {"canton_id": 180}, "geometry": {"type": "Polygon", "coordinates": [[[0.8951369533207003, 7.479001579642045], [0.8748847396476753, 7.453554580380706], [0.8584846110372963, 7.440906044274679], [0.8561707348233205, 7.423689996060925], [0.8377267099316759, 7.398369998658579], [0.8068463408306614, 7.394656880146612], [0.8064118657983228, 7.389325822156456], [0.7949910187723387, 7.387218191244833], [0.7902116429496949, 7.3930451730040545], [0.7686976022716758, 7.387704175704841], [0.7672079403028115, 7.393097231468487], [0.76311132326907, 7.392725295085926], [0.7592009203842486, 7.388943965078108], [0.7481525039134075, 7.389997785337328], [0.7273947726425108, 7.378321058435128], [0.7230571960999871, 7.422559691255434], [0.7488430505420528, 7.452581793520415], [0.745896095797984, 7.478920202472613], [0.7673075641299866, 7.493033353349764], [0.7742180994605373, 7.51010431879332], [0.8019850129984493, 7.504389570410791], [0.8542144717410747, 7.514088655686889], [0.8609310298080085, 7.503896396696097], [0.8951369533207003, 7.479001579642045]]]}}, {"id": "181", "type": "Feature", "properties": {"canton_id": 181}, "geometry": {"type": "Polygon", "coordinates": [[[0.7601083953971759, 7.531608684728064], [0.7833345355799759, 7.538019944474308], [0.8298992393823345, 7.541634470391177], [0.8542144717410747, 7.514088655686889], [0.8019850129984493, 7.504389570410791], [0.7634901593818517, 7.509556767637402], [0.7564448185212902, 7.516836953182012], [0.7601083953971759, 7.531608684728064]]]}}, {"id": "182", "type": "Feature", "properties": {"canton_id": 182}, "geometry": {"type": "Polygon", "coordinates": [[[0.9022129840580221, 7.638007556977513], [0.8783212791058166, 7.632372586998556], [0.849764164759645, 7.611424440992941], [0.805918661155512, 7.608535851238631], [0.7965718423321537, 7.580871146782968], [0.7624723938649023, 7.58190446319548], [0.747207488925109, 7.57582198619702], [0.7279737090934135, 7.55313598889317], [0.7241470979308733, 7.526266025442875], [0.6851842217145393, 7.527038448740665], [0.6704609598551418, 7.522099997094465], [0.6451438497973475, 7.581617834042693], [0.6531755380052761, 7.580349673176576], [0.6720335670842928, 7.589132864570608], [0.6691451136266875, 7.614907481347272], [0.6757174353673171, 7.630009977450383], [0.7467526528529475, 7.626137794144476], [0.7712427036514581, 7.6361409325136425], [0.7918776321707749, 7.6361954338281155], [0.8282054409329835, 7.630085568073099], [0.8445411202974275, 7.637312187047061], [0.865884268334798, 7.657132764973372], [0.8684058786502863, 7.649560240904777], [0.9022129840580221, 7.638007556977513]]]}}, {"id": "183", "type": "Feature", "properties": {"canton_id": 183}, "geometry": {"type": "Polygon", "coordinates": [[[0.9179637575653659, 7.604724494705708], [0.9237961141725416, 7.597647685620464], [0.9354607724251027, 7.597974302350688], [0.9662502735580685, 7.581764061056029], [1.0072055530356214, 7.573112708192813], [0.99641662903141, 7.540919425603365], [0.9829976807359188, 7.537155433589873], [0.971006847279962, 7.518701262132336], [0.951864530451305, 7.505133973346704], [0.9393502424509613, 7.50207237502987], [0.937502140284432, 7.524156154265972], [0.904389039138659, 7.561684335318473], [0.8987527673032912, 7.5841354878755745], [0.9179637575653659, 7.604724494705708]]]}}, {"id": "184", "type": "Feature", "properties": {"canton_id": 184}, "geometry": {"type": "Polygon", "coordinates": [[[0.8609310298080085, 7.503896396696097], [0.8239811535918833, 7.551028258313516], [0.8237756646529922, 7.575064611958961], [0.849467673594989, 7.601566835341364], [0.849764164759645, 7.611424440992941], [0.8783212791058166, 7.632372586998556], [0.9022129840580221, 7.638007556977513], [0.9027387492952981, 7.6241104214019355], [0.9179637575653659, 7.604724494705708], [0.8987527673032912, 7.5841354878755745], [0.904389039138659, 7.561684335318473], [0.937502140284432, 7.524156154265972], [0.9393502424509613, 7.50207237502987], [0.8951369533207003, 7.479001579642045], [0.8609310298080085, 7.503896396696097]]]}}, {"id": "185", "type": "Feature", "properties": {"canton_id": 185}, "geometry": {"type": "Polygon", "coordinates": [[[0.8497631310881276, 7.611390074791986], [0.849467673594989, 7.601566835341364], [0.8237756646529922, 7.575064611958961], [0.8239811535918833, 7.551028258313516], [0.8298992393823345, 7.541634470391177], [0.7833345355799759, 7.538019944474308], [0.7241470979308733, 7.526266025442875], [0.7279737090934135, 7.55313598889317], [0.747207488925109, 7.57582198619702], [0.7624723938649023, 7.58190446319548], [0.7965718423321537, 7.580871146782968], [0.805918661155512, 7.608535851238631], [0.8497631310881276, 7.611390074791986]]]}}, {"id": "186", "type": "Feature", "properties": {"canton_id": 186}, "geometry": {"type": "Polygon", "coordinates": [[[0.8993681502830148, 8.134188351724397], [0.9120893724918279, 8.1617675476644], [0.9156963849592604, 8.191580932158242], [0.9217536346398051, 8.195456683479446], [0.9232311977035814, 8.208151157732006], [0.9325522965817991, 8.215215384347523], [0.9592418253674068, 8.221791339591007], [0.9664445079796452, 8.2282675460967], [0.977374044147263, 8.22284413908299], [0.9873924081411835, 8.225874030748967], [1.0207447578505664, 8.251222633220644], [1.0349346359175609, 8.249946826239016], [1.0581482583833162, 8.213582414341722], [1.0735992796395895, 8.210628867214092], [1.0768380172396168, 8.17911656426931], [1.0599550467916954, 8.159235030203657], [1.0546997032715677, 8.11381698943766], [1.0184328209937763, 8.113834357488015], [1.0005395935328643, 8.104327381319276], [1.0007960384896903, 8.09144889415648], [0.9717839585542929, 8.090223000925997], [0.9694874909540835, 8.115441956056623], [0.9280069892895904, 8.135632978557734], [0.8993681502830148, 8.134188351724397]]]}}, {"id": "187", "type": "Feature", "properties": {"canton_id": 187}, "geometry": {"type": "Polygon", "coordinates": [[[0.977374044147263, 8.22284413908299], [0.9729535004083324, 8.238392557917205], [0.9799674000394897, 8.244146818182326], [0.9795911464662967, 8.251738060235642], [0.9976236672689152, 8.272878148408026], [1.008521538700918, 8.273989900426551], [1.013604144807037, 8.28026283873272], [1.0261609913277125, 8.316369397494109], [1.0445974191400647, 8.315499316202935], [1.0689037049555163, 8.303314702128358], [1.057264826083569, 8.275960050418416], [1.0664161635386127, 8.259375618592367], [1.044748734311067, 8.231011265915058], [1.0349346359175609, 8.249946826239016], [1.0207447578505664, 8.251222633220644], [1.0043183690769686, 8.236723575709659], [0.977374044147263, 8.22284413908299]]]}}, {"id": "188", "type": "Feature", "properties": {"canton_id": 188}, "geometry": {"type": "Polygon", "coordinates": [[[1.047911624466046, 8.313689336215452], [0.9968860137974078, 8.323239464646667], [1.002710017004333, 8.33559574962325], [0.9948105048712169, 8.351775490877676], [1.001017379726685, 8.364782594738397], [0.9971073372738535, 8.374470534004619], [0.9738359017090319, 8.373287461042281], [0.9715989329418454, 8.391344331088993], [1.017782635140678, 8.393548909618817], [1.060953408463353, 8.382685287790292], [1.0982490601617305, 8.383731540180658], [1.0893404302360095, 8.367430140794104], [1.07221822209154, 8.355620308812142], [1.0600064544915768, 8.32682082332427], [1.047911624466046, 8.313689336215452]]]}}, {"id": "189", "type": "Feature", "properties": {"canton_id": 189}, "geometry": {"type": "Polygon", "coordinates": [[[0.9738359017090319, 8.373287461042281], [0.9971073372738535, 8.374470534004619], [1.001017379726685, 8.364782594738397], [0.9948105048712169, 8.351775490877676], [1.002710017004333, 8.33559574962325], [0.9968860137974078, 8.323239464646667], [1.0261609913277125, 8.316369397494109], [1.013604144807037, 8.28026283873272], [1.008521538700918, 8.273989900426551], [0.9976236672689152, 8.272878148408026], [0.9795911464662967, 8.251738060235642], [0.9799674000394897, 8.244146818182326], [0.9729535004083324, 8.238392557917205], [0.977374044147263, 8.22284413908299], [0.9688725491447528, 8.22510803215977], [0.9515181818653788, 8.241647677226045], [0.9505367421773191, 8.286912321681466], [0.9570075966357741, 8.304438292441302], [0.9465782892621193, 8.324472352345289], [0.9276505338297495, 8.345422634753824], [0.910036215343649, 8.354941228841959], [0.9057233887350777, 8.367412845405534], [0.9234047548992707, 8.385340906082066], [0.9410188525194761, 8.38122557759772], [0.9424477457859395, 8.376029982781867], [0.9549862508401821, 8.373189912615002], [0.9636467696666591, 8.35098566796868], [0.9738359017090319, 8.373287461042281]]]}}, {"id": "190", "type": "Feature", "properties": {"canton_id": 190}, "geometry": {"type": "Polygon", "coordinates": [[[1.133262289692691, 8.371820094866635], [1.144498026031739, 8.361839893764383], [1.1452128820063043, 8.348433910377835], [1.1332739054611416, 8.301553526981214], [1.1069927852572063, 8.280504802661973], [1.0664161635386127, 8.259375618592367], [1.057264826083569, 8.275960050418416], [1.0689037049555163, 8.303314702128358], [1.047911624466046, 8.313689336215452], [1.0600064544915768, 8.32682082332427], [1.07221822209154, 8.355620308812142], [1.0893404302360095, 8.367430140794104], [1.0982490601617305, 8.383731540180658], [1.133262289692691, 8.371820094866635]]]}}, {"id": "191", "type": "Feature", "properties": {"canton_id": 191}, "geometry": {"type": "Polygon", "coordinates": [[[1.235875934723266, 8.377749598232235], [1.2515854897780938, 8.372753391304826], [1.2378381392844764, 8.35790302768526], [1.243491277516785, 8.347072723987655], [1.2375799056939294, 8.339747799318141], [1.2395501545101444, 8.326995068892382], [1.233287559095198, 8.309225851833121], [1.24595333523974, 8.288926457284152], [1.2183127843620003, 8.283247591493035], [1.2050511423743695, 8.28686505555231], [1.1916806994188198, 8.278612854639517], [1.183082303806406, 8.283359126429675], [1.162921920232592, 8.282144876127209], [1.1398471981238685, 8.242648039465223], [1.1301010987748528, 8.237628298190728], [1.11913523958795, 8.238117741559297], [1.0972263123208104, 8.257046636012548], [1.0664161635386127, 8.259375618592367], [1.1069927852572063, 8.280504802661973], [1.1332739054611416, 8.301553526981214], [1.1452128820063043, 8.348433910377835], [1.144498026031739, 8.361839893764383], [1.133262289692691, 8.371820094866635], [1.165953685096205, 8.369324461921668], [1.1834490693137532, 8.391602137052624], [1.230573584712352, 8.387860749830255], [1.235875934723266, 8.377749598232235]]]}}, {"id": "192", "type": "Feature", "properties": {"canton_id": 192}, "geometry": {"type": "Polygon", "coordinates": [[[0.9159712381553196, 8.381144870333289], [0.9057233887350777, 8.367412845405534], [0.910036215343649, 8.354941228841959], [0.9276505338297495, 8.345422634753824], [0.9465782892621193, 8.324472352345289], [0.9570075966357741, 8.304438292441302], [0.9505367421773191, 8.286912321681466], [0.9515181818653788, 8.241647677226045], [0.9322487824117229, 8.255100712151934], [0.9039113642033322, 8.249763364611884], [0.8516882335550118, 8.25506101775832], [0.863722738780468, 8.32117460342542], [0.8538996734488573, 8.370641236992299], [0.8682422222678707, 8.38478349098617], [0.8917067079864073, 8.387688495451961], [0.9159712381553196, 8.381144870333289]]]}}, {"id": "193", "type": "Feature", "properties": {"canton_id": 193}, "geometry": {"type": "Polygon", "coordinates": [[[1.0666098579539112, 8.104165480637375], [1.1282915692436686, 8.109040275757446], [1.1555678462395604, 8.097893901753693], [1.171464754496342, 8.102002779804298], [1.1850968559989743, 8.0949983098108], [1.1912282298793027, 8.082769233106696], [1.2041398467527973, 8.074895563856556], [1.128190048008652, 8.074221712060043], [1.0966167894369951, 8.081573637781155], [1.0848624438827272, 8.078923439239407], [1.0802970631530242, 8.044874824945653], [1.0871562967526442, 8.001074935457913], [1.0826439788802258, 7.96479978302938], [1.0489936748949904, 7.954928812807001], [1.0321047673947328, 7.957535918210132], [1.0349623029731654, 7.978792795676559], [1.0280007201046484, 7.982796706104595], [1.0254907219374123, 7.993453980333489], [1.0306331935265913, 8.00688720474563], [1.0129278119771603, 8.019057406741727], [1.0080506231656796, 8.040372084549862], [1.013633671691595, 8.052365862151218], [1.006061558444535, 8.062565689384197], [0.9806042691284343, 8.062008482880225], [0.9750693708508446, 8.06962240167828], [0.9717839585542929, 8.090223000925997], [1.0007960384896903, 8.09144889415648], [1.0005395935328643, 8.104327381319276], [1.0184328209937763, 8.113834357488015], [1.0546997032715677, 8.11381698943766], [1.0666098579539112, 8.104165480637375]]]}}, {"id": "194", "type": "Feature", "properties": {"canton_id": 194}, "geometry": {"type": "Polygon", "coordinates": [[[1.128190048008652, 8.074221712060043], [1.2094132549445322, 8.071797495176373], [1.2112350903642692, 8.057794671232797], [1.2073156024964204, 8.049846928445406], [1.223119070944099, 8.030930058968384], [1.2330965551204953, 8.031245937018856], [1.2306993678389588, 8.01368855535329], [1.1966979359298144, 7.994796200859705], [1.1899940991352294, 7.9950751524933255], [1.172085101334513, 7.97865541135203], [1.1074202204654784, 7.964026580223972], [1.0826439788802258, 7.96479978302938], [1.0871562967526442, 8.001074935457913], [1.0802970631530242, 8.044874824945653], [1.0848624438827272, 8.078923439239407], [1.0966167894369951, 8.081573637781155], [1.128190048008652, 8.074221712060043]]]}}, {"id": "195", "type": "Feature", "properties": {"canton_id": 195}, "geometry": {"type": "Polygon", "coordinates": [[[1.0546997032715677, 8.11381698943766], [1.0599550467916954, 8.159235030203657], [1.0768380172396168, 8.17911656426931], [1.0735992796395895, 8.210628867214092], [1.0992432421294072, 8.214787916388783], [1.1120621470762166, 8.197161609462913], [1.1241491957895358, 8.191354471684548], [1.1800173049664486, 8.189880072337957], [1.198329671630138, 8.1940957372055], [1.2108897544240518, 8.190210382753607], [1.2547478377785528, 8.155410897253724], [1.2628631631982552, 8.148147264027937], [1.2664546079816994, 8.131621143333701], [1.259795890277478, 8.11303074646696], [1.2678379074167412, 8.10683368713388], [1.2593854496241748, 8.096576538501035], [1.265980612361737, 8.075073968553488], [1.24697102873051, 8.034136035205671], [1.2284305078890383, 8.029318760587072], [1.2073156024964204, 8.049846928445406], [1.2112350903642692, 8.057794671232797], [1.2094132549445322, 8.071797495176373], [1.1912282298793027, 8.082769233106696], [1.1850968559989743, 8.0949983098108], [1.171464754496342, 8.102002779804298], [1.1555678462395604, 8.097893901753693], [1.1282915692436686, 8.109040275757446], [1.11389292806827, 8.105011779843311], [1.092440694285632, 8.108180126001729], [1.079929779221815, 8.10220987242437], [1.0666098579539112, 8.104165480637375], [1.0546997032715677, 8.11381698943766]]]}}, {"id": "196", "type": "Feature", "properties": {"canton_id": 196}, "geometry": {"type": "Polygon", "coordinates": [[[1.24595333523974, 8.288926457284152], [1.2519436316906958, 8.27619847363955], [1.2498089041637541, 8.266388043097626], [1.261157773010996, 8.248419228744723], [1.2575214430743877, 8.24216423739591], [1.2486162005912955, 8.240187844858234], [1.256734961167813, 8.228165581561662], [1.2556172048686731, 8.217731707924544], [1.2621477673168244, 8.21825877763133], [1.2617519039031224, 8.211077965851564], [1.2691399413001225, 8.2078498785029], [1.2635977033418098, 8.197009094777862], [1.2641709772250243, 8.182383428527691], [1.2716797599578462, 8.171327473676365], [1.270830861795943, 8.156561149021622], [1.2628631631982552, 8.148147264027937], [1.2108897544240518, 8.190210382753607], [1.198329671630138, 8.1940957372055], [1.1800173049664486, 8.189880072337957], [1.1241491957895358, 8.191354471684548], [1.1120621470762166, 8.197161609462913], [1.0992432421294072, 8.214787916388783], [1.0735992796395895, 8.210628867214092], [1.0581482583833162, 8.213582414341722], [1.044748734311067, 8.231011265915058], [1.0664161635386127, 8.259375618592367], [1.0972263123208104, 8.257046636012548], [1.11913523958795, 8.238117741559297], [1.1301010987748528, 8.237628298190728], [1.1398471981238685, 8.242648039465223], [1.162921920232592, 8.282144876127209], [1.183082303806406, 8.283359126429675], [1.1916806994188198, 8.278612854639517], [1.2050511423743695, 8.28686505555231], [1.2183127843620003, 8.283247591493035], [1.24595333523974, 8.288926457284152]]]}}, {"id": "197", "type": "Feature", "properties": {"canton_id": 197}, "geometry": {"type": "Polygon", "coordinates": [[[0.7061218107332979, 8.090655004158283], [0.7164823993253597, 8.14337297918025], [0.7375482573565544, 8.16121269904939], [0.7692146698673731, 8.164271526128164], [0.8245359996819033, 8.140858317603003], [0.8371294735782032, 8.126076985831055], [0.8358571251589505, 8.093489697246891], [0.7910612095928419, 8.031550224425523], [0.7647773233140102, 8.008771279797353], [0.7561910595052405, 8.044907456732181], [0.7072357052807958, 8.05746630527139], [0.7100287104569651, 8.064729959121951], [0.7061218107332979, 8.090655004158283]]]}}, {"id": "198", "type": "Feature", "properties": {"canton_id": 198}, "geometry": {"type": "Polygon", "coordinates": [[[0.9280069892895904, 8.135632978557734], [0.9694874909540835, 8.115441956056623], [0.9750693708508446, 8.06962240167828], [0.9806042691284343, 8.062008482880225], [1.006061558444535, 8.062565689384197], [1.013633671691595, 8.052365862151218], [1.0080506231656796, 8.040372084549862], [1.0129278119771603, 8.019057406741727], [1.0306331935265913, 8.00688720474563], [1.0254907219374123, 7.993453980333489], [1.0280007201046484, 7.982796706104595], [1.0349623029731654, 7.978792795676559], [1.0321047673947328, 7.957535918210132], [1.0169669367331995, 7.970883127923086], [0.9731571733348653, 7.979123364018254], [0.964716147021194, 7.986490870507955], [0.9395813571547825, 7.9742817914794], [0.9277355668384292, 7.972227425265011], [0.9152513167177122, 7.9772571190918145], [0.9056753082146998, 7.971660685907231], [0.9020146678949401, 7.975067313310147], [0.8822625792781044, 7.963225344057601], [0.8534456207488766, 7.963859779309232], [0.8396191111900767, 7.975053396119594], [0.8340048572403196, 7.974616477604777], [0.8253074527393771, 7.962449988983572], [0.8056213671313724, 7.970241396495415], [0.7820187039159268, 7.967247798533945], [0.7647773233140102, 8.008771279797353], [0.7910612095928419, 8.031550224425523], [0.8358571251589505, 8.093489697246891], [0.8369241611320676, 8.126317981451983], [0.8780900037660803, 8.136240231538464], [0.9280069892895904, 8.135632978557734]]]}}, {"id": "199", "type": "Feature", "properties": {"canton_id": 199}, "geometry": {"type": "Polygon", "coordinates": [[[0.8245359996819033, 8.140858317603003], [0.824047898682241, 8.157555765993898], [0.8302382385765801, 8.17219726176898], [0.8410330933820938, 8.181575997900461], [0.8579756684113082, 8.219509009844746], [0.8516882335550118, 8.25506101775832], [0.9039113642033322, 8.249763364611884], [0.9322487824117229, 8.255100712151934], [0.9664445079796452, 8.2282675460967], [0.9232311977035814, 8.208151157732006], [0.9217536346398051, 8.195456683479446], [0.9156963849592604, 8.191580932158242], [0.9164176083355333, 8.182742330130306], [0.9122877910644096, 8.179260968789668], [0.9120893724918279, 8.1617675476644], [0.8993681502830148, 8.134188351724397], [0.8780900037660803, 8.136240231538464], [0.8369241611320676, 8.126317981451983], [0.8245359996819033, 8.140858317603003]]]}}, {"id": "200", "type": "Feature", "properties": {"canton_id": 200}, "geometry": {"type": "Polygon", "coordinates": [[[0.8245359996819033, 8.140858317603003], [0.7692146698673731, 8.164271526128164], [0.7375482573565544, 8.16121269904939], [0.7485152682798047, 8.181264560237539], [0.7454018524594269, 8.22026448281382], [0.7977259053661696, 8.203073930897608], [0.8169186071786111, 8.205881380608256], [0.8259694344614164, 8.217823547341773], [0.857468371004713, 8.233129696048696], [0.8579756684113082, 8.219509009844746], [0.8459689187306715, 8.191982018717926], [0.824047898682241, 8.157555765993898], [0.8245359996819033, 8.140858317603003]]]}}, {"id": "201", "type": "Feature", "properties": {"canton_id": 201}, "geometry": {"type": "Polygon", "coordinates": [[[0.598134102295432, 8.058879725370058], [0.7072357052807958, 8.05746630527139], [0.7561910595052405, 8.044907456732181], [0.7647773233140102, 8.008771279797353], [0.7820187039159268, 7.967247798533945], [0.7460271766520516, 7.957655389034125], [0.7022106785368756, 7.931463870720854], [0.6775574278843186, 7.902752172158848], [0.6197262105665661, 7.90421107617383], [0.6132452444539758, 7.944974855790828], [0.5972352535412103, 7.986573295060051], [0.6064302525136559, 7.9857443807007105], [0.6060481897593702, 8.000010714079174], [0.5972163288652774, 8.013930476799557], [0.6020662281602223, 8.02164846657327], [0.5941648455762009, 8.040128313327351], [0.598134102295432, 8.058879725370058]]]}}, {"id": "202", "type": "Feature", "properties": {"canton_id": 202}, "geometry": {"type": "Polygon", "coordinates": [[[0.7118686255745573, 8.1231209753027], [0.7061218107332979, 8.090655004158283], [0.7100287104569651, 8.064729959121951], [0.7072357052807958, 8.05746630527139], [0.6501176122485847, 8.055701408876788], [0.5913410952552987, 8.061911976256466], [0.5847493384115168, 8.096348717063787], [0.5861301835102907, 8.104087428797564], [0.5919124679260658, 8.105692248153503], [0.5912273471327287, 8.123702573725286], [0.7118686255745573, 8.1231209753027]]]}}, {"id": "203", "type": "Feature", "properties": {"canton_id": 203}, "geometry": {"type": "Polygon", "coordinates": [[[0.7201078859681485, 8.146443398699095], [0.7118686255745573, 8.1231209753027], [0.5912273471327287, 8.123702573725286], [0.5914536019939772, 8.139120536762151], [0.6060570997593117, 8.13910348235821], [0.6093087942875075, 8.145139954876283], [0.6103759879581381, 8.162103327906921], [0.6044662030698661, 8.174494449832695], [0.6102562131282443, 8.176787809246406], [0.6108256967038376, 8.185389438726713], [0.6313990005115334, 8.184253806514429], [0.6413477824867054, 8.189933609220356], [0.6463509732051294, 8.200196973340496], [0.6626861919906335, 8.200427692180142], [0.682714376823162, 8.166677431015467], [0.7140038242440279, 8.145083742335423], [0.7201078859681485, 8.146443398699095]]]}}, {"id": "204", "type": "Feature", "properties": {"canton_id": 204}, "geometry": {"type": "Polygon", "coordinates": [[[0.6245837876576241, 8.227412084541621], [0.6463509732051294, 8.200196973340496], [0.6413477824867054, 8.189933609220356], [0.6313990005115334, 8.184253806514429], [0.611245599235089, 8.185334454648391], [0.5982822995971381, 8.187415079159555], [0.5893576233557761, 8.194481204155592], [0.5899663799359562, 8.21005385397765], [0.6004795688143792, 8.216212847252109], [0.616693934566135, 8.217719177779227], [0.6245837876576241, 8.227412084541621]]]}}, {"id": "205", "type": "Feature", "properties": {"canton_id": 205}, "geometry": {"type": "Polygon", "coordinates": [[[0.7454018524594269, 8.22026448281382], [0.7485152682798047, 8.181264560237539], [0.7375482573565544, 8.16121269904939], [0.7140038242440279, 8.145083742335423], [0.682714376823162, 8.166677431015467], [0.6626861919906335, 8.200427692180142], [0.6463509732051294, 8.200196973340496], [0.6245296631165569, 8.227423317654068], [0.6226726058616282, 8.237717704566377], [0.635590912701951, 8.249410766496329], [0.6376235221210678, 8.262057499764307], [0.6723619771083128, 8.262792143833142], [0.6866827529282952, 8.281080900868112], [0.7182648579915881, 8.283441492210303], [0.7306594025092052, 8.286643547566397], [0.7300481712465097, 8.290256421594544], [0.7415503212414253, 8.286937128119423], [0.7420348094161975, 8.269641659560014], [0.7550511234889218, 8.253954241491972], [0.7454018524594269, 8.22026448281382]]]}}, {"id": "206", "type": "Feature", "properties": {"canton_id": 206}, "geometry": {"type": "Polygon", "coordinates": [[[0.8682422222678707, 8.38478349098617], [0.8538996734488573, 8.370641236992299], [0.863722738780468, 8.32117460342542], [0.8516882335550118, 8.25506101775832], [0.857468371004713, 8.233129696048696], [0.8259694344614164, 8.217823547341773], [0.8169186071786111, 8.205881380608256], [0.7977259053661696, 8.203073930897608], [0.7454018524594269, 8.22026448281382], [0.7550511234889218, 8.253954241491972], [0.7420348094161975, 8.269641659560014], [0.7415503212414253, 8.286937128119423], [0.7290234289248244, 8.29044310062815], [0.7301700548779292, 8.340716301784743], [0.7175960010844282, 8.343431958480116], [0.7207812001039028, 8.348344980611605], [0.7104197095513874, 8.35175574485074], [0.7115561461498121, 8.366689440399432], [0.7077455360312543, 8.371903412367967], [0.7121734056780291, 8.376453113848724], [0.7087330723004597, 8.381609675215136], [0.7297177911684078, 8.385494722558729], [0.7568660101222974, 8.381702114079618], [0.771430662648925, 8.388736411681775], [0.7749858093516976, 8.398419624164658], [0.7963398500532988, 8.412092275561761], [0.8682422222678707, 8.38478349098617]]]}}, {"id": "207", "type": "Feature", "properties": {"canton_id": 207}, "geometry": {"type": "Polygon", "coordinates": [[[0.7153334488660649, 8.82662730371658], [0.6163245038241151, 8.810021152094496], [0.625770836895233, 8.837717970864482], [0.6190353367342109, 8.8532725981157], [0.6102383375867864, 8.864061936453755], [0.5965498909007403, 8.867321899844436], [0.5834934061305566, 8.877732585184559], [0.5761594799122148, 8.876268821363402], [0.5745569661921124, 8.879945862174274], [0.5840401526490135, 8.887066688861466], [0.5776816420572667, 8.907417052393905], [0.582441487177849, 8.909088172303004], [0.5907081048535354, 8.9271488291889], [0.5997012117675461, 8.931292145254892], [0.6000419591295848, 8.946066961159211], [0.6155780279879959, 8.951303591775229], [0.6262159966781964, 8.968932027769988], [0.6273223901587336, 8.999091399215729], [0.6522200519947634, 9.001628192560762], [0.6565951531309624, 8.994431410756242], [0.6533780936275454, 8.989676312102674], [0.6573673117696133, 8.990575914313743], [0.6657316363984954, 8.993660283210847], [0.6754396311237953, 9.013488045294096], [0.7430499975548149, 8.921356492963485], [0.7169914565949951, 8.872296314247198], [0.7153334488660649, 8.82662730371658]]]}}, {"id": "208", "type": "Feature", "properties": {"canton_id": 208}, "geometry": {"type": "Polygon", "coordinates": [[[0.8656278582091832, 8.753993504295257], [0.8466417745252917, 8.734841036931233], [0.8334813414367173, 8.705357903374349], [0.7904729686309249, 8.64667302704659], [0.6859425985215974, 8.551228053142369], [0.6399934588774299, 8.593021112278656], [0.6042091850748967, 8.611322250903225], [0.5742808077047892, 8.643161608753445], [0.5562472093928166, 8.653722493793845], [0.5542565366067344, 8.666997772124509], [0.5590321059245221, 8.675881696492628], [0.6031785293336097, 8.690948506659753], [0.6207054334920983, 8.767687984450577], [0.6109270898296209, 8.781541951782025], [0.6089515888784822, 8.79447577031018], [0.6163245038241151, 8.810021152094496], [0.7153334488660649, 8.82662730371658], [0.7445546471585054, 8.785415055713813], [0.8392706384232657, 8.766139040604408], [0.8656278582091832, 8.753993504295257]]]}}, {"id": "209", "type": "Feature", "properties": {"canton_id": 209}, "geometry": {"type": "Polygon", "coordinates": [[[0.5566894033722015, 8.88537701259431], [0.6102383375867864, 8.864061936453755], [0.6236742503101542, 8.845508237618171], [0.625770836895233, 8.837717970864482], [0.6089515888784822, 8.79447577031018], [0.6109270898296209, 8.781541951782025], [0.6207054334920983, 8.767687984450577], [0.6031785293336097, 8.690948506659753], [0.5590321059245221, 8.675881696492628], [0.5543089676620032, 8.66709531077569], [0.49199662739632516, 8.726524718962288], [0.4695135240046477, 8.754938147999345], [0.46934902237171866, 8.792270480866634], [0.47157636085009397, 8.799568514688154], [0.49162171532083054, 8.801233360876616], [0.5000357546451895, 8.814684065226828], [0.4949389113692916, 8.82040126656431], [0.5010211264282414, 8.82886272709699], [0.495607824622612, 8.83980766978104], [0.5071762406028834, 8.847726146359296], [0.5087806069532791, 8.855661416043421], [0.5194332981002675, 8.853396347478002], [0.5165629698618626, 8.864051181489051], [0.5216344727849707, 8.874114595412472], [0.5394790482287174, 8.863885272005204], [0.5520392930596876, 8.87425809245296], [0.5566894033722015, 8.88537701259431]]]}}, {"id": "210", "type": "Feature", "properties": {"canton_id": 210}, "geometry": {"type": "Polygon", "coordinates": [[[0.6042091850748967, 8.611322250903225], [0.6399934588774299, 8.593021112278656], [0.6859425985215974, 8.551228053142369], [0.6332500068429845, 8.532455465173843], [0.6150188502623134, 8.51237675297348], [0.6017882700700058, 8.518062295436287], [0.5904633589907401, 8.51611903773055], [0.5831018990552697, 8.526256315648636], [0.5703172259766276, 8.524636460389091], [0.570879243851481, 8.53351784164159], [0.5632397649135163, 8.536583143888597], [0.5634098441049852, 8.545630244364437], [0.5357281756106562, 8.557465015794032], [0.531699192134161, 8.569195379254905], [0.5211429231714464, 8.562923093503453], [0.5112271644112849, 8.563757441095285], [0.5099072361455744, 8.571669573221314], [0.505097281657669, 8.569469604519444], [0.4995616769051643, 8.573643491059364], [0.5012461673668295, 8.579022681838246], [0.49413081603435843, 8.585668982253752], [0.49198884166602475, 8.596837965135512], [0.4694720975071945, 8.595454678115885], [0.4570225943031153, 8.625524075126714], [0.5093576921162642, 8.643351703228632], [0.5327516513099122, 8.669263145519597], [0.5544304128588564, 8.666979450950436], [0.5562472093928166, 8.653722493793845], [0.5742808077047892, 8.643161608753445], [0.6042091850748967, 8.611322250903225]]]}}, {"id": "211", "type": "Feature", "properties": {"canton_id": 211}, "geometry": {"type": "Polygon", "coordinates": [[[0.45299102174833134, 8.811106243836884], [0.45993891810430637, 8.809905622412828], [0.45931626372442536, 8.802651421940327], [0.4701347055509908, 8.79030733588984], [0.4695135240046477, 8.754938147999345], [0.49199662739632516, 8.726524718962288], [0.5543089676620032, 8.66709531077569], [0.5327516513099122, 8.669263145519597], [0.5093576921162642, 8.643351703228632], [0.4570225943031153, 8.625524075126714], [0.3872502619534252, 8.744869139237172], [0.3734724537977792, 8.75451769226263], [0.40053325031678316, 8.756973471408322], [0.37778484255712574, 8.771971880294675], [0.379381364474621, 8.792743145309329], [0.3899273821790048, 8.790624789812876], [0.39229794907425397, 8.79701623846871], [0.39816458504452146, 8.789638099138305], [0.39817908039719446, 8.79371234572673], [0.4183069394357993, 8.792591156459364], [0.42424631133377, 8.78989679209797], [0.42376953257014127, 8.781559628566582], [0.4276391395416025, 8.779562998239514], [0.4407817921698963, 8.78835028584607], [0.43731824744076425, 8.794025002719682], [0.42977433339715354, 8.791009397868295], [0.4303266090830605, 8.798187609120246], [0.45299102174833134, 8.811106243836884]]]}}, {"id": "212", "type": "Feature", "properties": {"canton_id": 212}, "geometry": {"type": "Polygon", "coordinates": [[[1.0370736958795899, 8.486102779438585], [1.0242339197479324, 8.530647647663548], [1.051176025216314, 8.558610234721316], [1.0566024627124502, 8.57392040679716], [1.0552144133332197, 8.59049385020902], [1.0677840093764563, 8.59704513808455], [1.0818661872228867, 8.590987922111134], [1.082515833470963, 8.577005705601401], [1.0960316737704094, 8.568133412124448], [1.135401189776209, 8.574525408199458], [1.1468214113254271, 8.549492191085974], [1.2217993222792214, 8.530378129045369], [1.2421588032190256, 8.51650036685242], [1.2452855664549565, 8.502274678117097], [1.2539709517857431, 8.496954500067067], [1.2344505114211426, 8.456127958873303], [1.2238902394059161, 8.452242368731081], [1.0869733028143578, 8.459808921275696], [1.0838907657910422, 8.475509534056577], [1.0507323053442779, 8.48897016519992], [1.0370736958795899, 8.486102779438585]]]}}, {"id": "213", "type": "Feature", "properties": {"canton_id": 213}, "geometry": {"type": "Polygon", "coordinates": [[[0.8947115570190425, 8.617906280351832], [0.9344114927742035, 8.61624769595126], [0.9476316763833489, 8.602478392723206], [0.9954875652393889, 8.592350296845943], [1.008578332694951, 8.58203769341335], [1.0552144133332197, 8.59049385020902], [1.0566024627124502, 8.57392040679716], [1.051176025216314, 8.558610234721316], [1.0242339197479324, 8.530647647663548], [1.0370736958795899, 8.486102779438585], [0.981130801045878, 8.478319521596468], [0.9125145926629458, 8.456237398212078], [0.8482718138752052, 8.482799233785098], [0.7294987759676532, 8.507830539366514], [0.6193118693890599, 8.52109198661027], [0.6332500068429845, 8.532455465173843], [0.6859425985215974, 8.551228053142369], [0.7904729686309249, 8.64667302704659], [0.8947115570190425, 8.617906280351832]]]}}, {"id": "214", "type": "Feature", "properties": {"canton_id": 214}, "geometry": {"type": "Polygon", "coordinates": [[[0.9344114927742035, 8.61624769595126], [0.9636797847375879, 8.635290207361713], [1.0061129235000246, 8.624123605984986], [1.0463350792603376, 8.624103133174678], [1.0552144133332197, 8.59049385020902], [1.008578332694951, 8.58203769341335], [0.9954875652393889, 8.592350296845943], [0.9476316763833489, 8.602478392723206], [0.9344114927742035, 8.61624769595126]]]}}, {"id": "215", "type": "Feature", "properties": {"canton_id": 215}, "geometry": {"type": "Polygon", "coordinates": [[[1.2637048267565008, 8.66819391077289], [1.2666084619464522, 8.656461455885688], [1.2591043835483833, 8.625039223047011], [1.2639503769608544, 8.614891518700437], [1.2606669260223944, 8.610308318801899], [1.2643676324420492, 8.589578323142183], [1.253654557523694, 8.575700251468344], [1.2578463217864952, 8.561571662992014], [1.26853505730703, 8.560629726889399], [1.2664957097162373, 8.545387975650288], [1.2442202905855455, 8.546609324302864], [1.2433516150623436, 8.531644567448232], [1.2334345677975762, 8.52405373756247], [1.2009024129192216, 8.538644764967591], [1.1468214113254271, 8.549492191085974], [1.1281488304585863, 8.59860500078687], [1.1546888123678172, 8.62252375762505], [1.1666505399614708, 8.650625293680648], [1.1602201651956194, 8.661985092984464], [1.1658345972028639, 8.676971370371273], [1.2148849240923698, 8.683601797240957], [1.233387252313974, 8.67301455465223], [1.2384572738058353, 8.676762828330954], [1.2637048267565008, 8.66819391077289]]]}}, {"id": "216", "type": "Feature", "properties": {"canton_id": 216}, "geometry": {"type": "Polygon", "coordinates": [[[1.0552144133332197, 8.59049385020902], [1.0438021209093058, 8.633689036318938], [1.0557733745096152, 8.658224032934577], [1.0846637010716715, 8.675383043789559], [1.1658345972028639, 8.676971370371273], [1.1602201651956194, 8.661985092984464], [1.1666505399614708, 8.650625293680648], [1.1546888123678172, 8.62252375762505], [1.1281488304585863, 8.59860500078687], [1.135401189776209, 8.574525408199458], [1.0960316737704094, 8.568133412124448], [1.082515833470963, 8.577005705601401], [1.0818661872228867, 8.590987922111134], [1.0677840093764563, 8.59704513808455], [1.0552144133332197, 8.59049385020902]]]}}, {"id": "217", "type": "Feature", "properties": {"canton_id": 217}, "geometry": {"type": "Polygon", "coordinates": [[[1.0846637010716715, 8.675383043789559], [1.064579714178026, 8.692691174863208], [1.0313335405921997, 8.705063994044286], [0.978249458055584, 8.714589098070306], [0.9365358035176333, 8.711481488933474], [0.8757445965686411, 8.764197894866832], [0.8787323290960749, 8.786703840950457], [0.9139680393846557, 8.873398942667237], [0.9658073822290719, 8.894822696225393], [0.9682396338799176, 8.883284102978541], [0.9617692067338344, 8.862404513411514], [0.9744357743435663, 8.821300534731552], [1.0051446850802275, 8.80698788079715], [1.0104952016664346, 8.787997071253985], [1.0291029358068815, 8.785454385944751], [1.0363047735111255, 8.776091141308891], [1.0505205435689182, 8.772353797149446], [1.048102147863076, 8.759595762525382], [1.053217623884304, 8.758141906430652], [1.0523672029974036, 8.74810234020876], [1.0616206953756684, 8.754074737225562], [1.0676009674641431, 8.74571336052762], [1.0694893237103367, 8.750931370959698], [1.0805837770974651, 8.747907409519561], [1.0989020810853491, 8.753879807314012], [1.1071115529117062, 8.745885091929523], [1.121149132121064, 8.752171827012075], [1.1229332443529758, 8.736028350842133], [1.1328668675905327, 8.731493141569487], [1.1574117508379853, 8.740888888554325], [1.1591551965003979, 8.746922338755791], [1.1790129894641495, 8.739034865072338], [1.1978261115289626, 8.738832446273403], [1.1958880280600503, 8.732136022273878], [1.2014832990602833, 8.731002248809013], [1.2148849240923698, 8.683601797240957], [1.113218826827899, 8.673218394881355], [1.0846637010716715, 8.675383043789559]]]}}, {"id": "218", "type": "Feature", "properties": {"canton_id": 218}, "geometry": {"type": "Polygon", "coordinates": [[[0.7904729686309249, 8.64667302704659], [0.8334813414367173, 8.705357903374349], [0.8466417745252917, 8.734841036931233], [0.8757445965686411, 8.764197894866832], [0.9365358035176333, 8.711481488933474], [0.978249458055584, 8.714589098070306], [1.0313335405921997, 8.705063994044286], [1.064579714178026, 8.692691174863208], [1.0846637010716715, 8.675383043789559], [1.0557733745096152, 8.658224032934577], [1.0438021209093058, 8.633689036318938], [1.0463350792603376, 8.624103133174678], [1.0398784279607076, 8.621990728615733], [0.9813939328383561, 8.62774283582504], [0.9636797847375879, 8.635290207361713], [0.9344114927742035, 8.61624769595126], [0.8947115570190425, 8.617906280351832], [0.7904729686309249, 8.64667302704659]]]}}, {"id": "219", "type": "Feature", "properties": {"canton_id": 219}, "geometry": {"type": "Polygon", "coordinates": [[[0.8656278582091832, 8.753993504295257], [0.8392706384232657, 8.766139040604408], [0.7445546471585054, 8.785415055713813], [0.7152584100794475, 8.824561086173047], [0.7169914565949951, 8.872296314247198], [0.7430499975548149, 8.921356492963485], [0.6754396311237953, 9.013488045294096], [0.7010136332201795, 9.02303566035921], [0.7034445955093519, 9.03692774472014], [0.7132021825334999, 9.035801180989846], [0.7224260364122265, 9.059502444386279], [0.7514379981952551, 9.052626264449303], [0.7755212922045567, 9.065739176862447], [0.7828329556209351, 9.055375178218306], [0.7843864791106204, 9.039196170080182], [0.8043791169249848, 9.021000506238336], [0.8123993784758251, 9.027443261504215], [0.8174663157888638, 9.014468049876017], [0.8227660450242731, 9.016603780146795], [0.8481003663493594, 9.003580601250292], [0.8622823046935488, 9.008043908187906], [0.8849877693150652, 8.999079510350892], [0.8952683128657525, 8.986862902935474], [0.893061904406686, 8.972401222616382], [0.9041670970359892, 8.948430306721399], [0.9020661004378571, 8.937207177262405], [0.9135461958315108, 8.92094266231396], [0.9513622726641228, 8.909649068073964], [0.9658073822290719, 8.894822696225393], [0.9139680393846557, 8.873398942667237], [0.8787323290960749, 8.786703840950457], [0.8757445965686411, 8.764197894866832], [0.8656278582091832, 8.753993504295257]]]}}, {"id": "220", "type": "Feature", "properties": {"canton_id": 220}, "geometry": {"type": "Polygon", "coordinates": [[[1.2238902394059161, 8.452242368731081], [1.2311156541889483, 8.433554632597291], [1.2287622662121205, 8.428790919151444], [1.2391267437904183, 8.409994986856407], [1.2387543071622977, 8.398279877975323], [1.2462021974733601, 8.396234410756021], [1.2458761227831872, 8.384906575740887], [1.235662258920949, 8.38226470266515], [1.230573584712352, 8.387860749830255], [1.1834490693137532, 8.391602137052624], [1.165953685096205, 8.369324461921668], [1.133262289692691, 8.371820094866635], [1.089176990972239, 8.385378864104592], [1.0511030330508526, 8.385265767184105], [1.0666579504491371, 8.409967041627334], [1.0652904255313103, 8.422936480809339], [1.0869733028143578, 8.459808921275696], [1.2238902394059161, 8.452242368731081]]]}}, {"id": "221", "type": "Feature", "properties": {"canton_id": 221}, "geometry": {"type": "Polygon", "coordinates": [[[1.0869733028143578, 8.459808921275696], [1.0652904255313103, 8.422936480809339], [1.0666579504491371, 8.409967041627334], [1.0511030330508526, 8.385265767184105], [1.017782635140678, 8.393548909618817], [1.0237422168605297, 8.428496619970185], [0.981130801045878, 8.478319521596468], [1.0507323053442779, 8.48897016519992], [1.0838907657910422, 8.475509534056577], [1.0869733028143578, 8.459808921275696]]]}}, {"id": "222", "type": "Feature", "properties": {"canton_id": 222}, "geometry": {"type": "Polygon", "coordinates": [[[0.6194387933755031, 8.521076730077015], [0.7294987759676532, 8.507830539366514], [0.8482718138752052, 8.482799233785098], [0.9125145926629458, 8.456237398212078], [0.981130801045878, 8.478319521596468], [1.0237422168605297, 8.428496619970185], [1.0222578378383533, 8.407151089067007], [1.017782635140678, 8.393548909618817], [0.9715989329418454, 8.391344331088993], [0.9738359017090319, 8.373287461042281], [0.9636467696666591, 8.35098566796868], [0.9549862508401821, 8.373189912615002], [0.9424477457859395, 8.376029982781867], [0.9410188525194761, 8.38122557759772], [0.9234047548992707, 8.385340906082066], [0.9213848243372916, 8.381306233805004], [0.9016449962191014, 8.382362681038988], [0.8917067079864073, 8.387688495451961], [0.8682422222678707, 8.38478349098617], [0.7963398500532988, 8.412092275561761], [0.7749858093516976, 8.398419624164658], [0.771430662648925, 8.388736411681775], [0.7568660101222974, 8.381702114079618], [0.7297177911684078, 8.385494722558729], [0.7089911539859919, 8.38148098749677], [0.7094539937192623, 8.384897264362676], [0.6987411072469943, 8.388773646712739], [0.7058722782009609, 8.394295369091664], [0.6934057358609304, 8.394748107678598], [0.696219786930771, 8.404532021306148], [0.6515697004932404, 8.422491015721715], [0.6513918668082095, 8.448237146940876], [0.655966208925519, 8.45581625909588], [0.6447257100333854, 8.475989688358121], [0.6468164576862496, 8.49113772425809], [0.640497846900248, 8.497352918885094], [0.6290476995296542, 8.49635497111486], [0.6259438408588138, 8.502865319095847], [0.6299219895714525, 8.508033849341608], [0.6150188502623134, 8.51237675297348], [0.6194387933755031, 8.521076730077015]]]}}, {"id": "223", "type": "Feature", "properties": {"canton_id": 223}, "geometry": {"type": "Polygon", "coordinates": [[[1.602251095938974, 9.093163194872274], [1.5337304006176289, 9.073902591218799], [1.4927972507312905, 9.078735198548396], [1.4817898033888584, 9.09724402266256], [1.4601492322032734, 9.113784749211078], [1.4729795713942753, 9.165962688645845], [1.4822719766315942, 9.166176025642006], [1.518434911385227, 9.19395127775077], [1.5584355821979992, 9.172573849905907], [1.5695691895241926, 9.14048052488298], [1.5972347775768247, 9.110706781264806], [1.602251095938974, 9.093163194872274]]]}}, {"id": "224", "type": "Feature", "properties": {"canton_id": 224}, "geometry": {"type": "Polygon", "coordinates": [[[1.4625442003714153, 8.951012065149031], [1.4569850916590634, 8.904939519508352], [1.4264657757504124, 8.852706288167976], [1.3514999259805494, 8.843731674102447], [1.3180486840217513, 8.855535414419853], [1.3239386909340525, 8.86233446063524], [1.315364549038839, 8.868937328142804], [1.31681791529973, 8.875201589080934], [1.3061088516599157, 8.879708802655582], [1.3174528451900633, 8.884558694207449], [1.319135689494894, 8.878599985028814], [1.326708538460471, 8.882496107197156], [1.324413677778138, 8.895024681911917], [1.3455417151358817, 8.908028405596552], [1.347160964762303, 8.921927594027625], [1.3426479200546206, 8.923073532165596], [1.3554222270027234, 8.933539467701006], [1.35205951956461, 8.93952734989935], [1.3699588926888184, 8.933492276360889], [1.3714140627246278, 8.95384626395681], [1.3664419421297227, 8.95758957662629], [1.3813576344123233, 8.987652185546311], [1.3819621262892519, 9.004720817302697], [1.4359654952761074, 8.993873292273737], [1.442284753134771, 8.985920797464008], [1.4372806282421045, 8.980323774266772], [1.4408181592466254, 8.967072015027922], [1.448022024610347, 8.955566010012827], [1.4625442003714153, 8.951012065149031]]]}}, {"id": "225", "type": "Feature", "properties": {"canton_id": 225}, "geometry": {"type": "Polygon", "coordinates": [[[1.4729795713942753, 9.165962688645845], [1.4601492322032734, 9.113784749211078], [1.4817898033888584, 9.09724402266256], [1.4927972507312905, 9.078735198548396], [1.476719179386462, 9.05249526120501], [1.4561198404862232, 9.041016895284093], [1.4292614400283565, 9.034846337674498], [1.377654839803771, 9.033839560311204], [1.380914840742061, 9.049830178203477], [1.3756892896897466, 9.054443900302921], [1.381837644703738, 9.061137622887086], [1.376612094788297, 9.065221912301105], [1.380171507109049, 9.064465557412372], [1.389878751317518, 9.079859497374047], [1.3931414682881649, 9.101611018564403], [1.3977610880603712, 9.10380445029812], [1.39609507737178, 9.112048561820059], [1.4139750034748952, 9.13275057667205], [1.40192094764378, 9.167396142890889], [1.434514415324009, 9.158474082525274], [1.4729795713942753, 9.165962688645845]]]}}, {"id": "226", "type": "Feature", "properties": {"canton_id": 226}, "geometry": {"type": "Polygon", "coordinates": [[[1.452824625983159, 9.275940853932596], [1.4538195258942863, 9.26586312670657], [1.518430231564463, 9.193948138103826], [1.4822719766315942, 9.166176025642006], [1.434514415324009, 9.158474082525274], [1.40192094764378, 9.167396142890889], [1.4029055249897207, 9.174959540661181], [1.393967231682474, 9.187702080637553], [1.3990412618669519, 9.192013243657701], [1.3995797103732572, 9.204909943855318], [1.421024619642687, 9.217268494982555], [1.441338217556809, 9.239325691246858], [1.4414194021804547, 9.255851878940582], [1.452824625983159, 9.275940853932596]]]}}, {"id": "227", "type": "Feature", "properties": {"canton_id": 227}, "geometry": {"type": "Polygon", "coordinates": [[[1.6022510559514653, 9.093163183868048], [1.6220957146493797, 9.04684754642752], [1.6188689134514027, 9.034779100908386], [1.626532084768514, 9.007569110659974], [1.6257599584149052, 8.988091391017498], [1.6189329587117052, 8.967247490787177], [1.6237482302899495, 8.915803383294636], [1.555839437983099, 8.904086471495745], [1.5463294818136653, 8.913086647635232], [1.5398784151610192, 8.930751146468062], [1.538761192348023, 8.968433597931735], [1.5178117195611232, 8.984116957671022], [1.4852966751467755, 8.990137701585356], [1.4625442003714153, 8.951012065149031], [1.448022024610347, 8.955566010012827], [1.4408181592466254, 8.967072015027922], [1.4372806282421045, 8.980323774266772], [1.442284753134771, 8.985920797464008], [1.4359654952761074, 8.993873292273737], [1.3819621262892519, 9.004720817302697], [1.3796144343517167, 9.008729410452894], [1.3760555317243153, 9.022228310373361], [1.3806840832574032, 9.032326904759508], [1.415660111987337, 9.032528707361736], [1.4561198404862232, 9.041016895284093], [1.476719179386462, 9.05249526120501], [1.4927972507312905, 9.078735198548396], [1.5337304006176289, 9.073902591218799], [1.6022510559514653, 9.093163183868048]]]}}, {"id": "228", "type": "Feature", "properties": {"canton_id": 228}, "geometry": {"type": "Polygon", "coordinates": [[[1.5697150711011627, 8.561080600661196], [1.578494281714208, 8.537846271490245], [1.569268141053056, 8.525506005076144], [1.5706809305809257, 8.50916685455396], [1.5423322574303033, 8.497332281544557], [1.5302462184116188, 8.475751098966965], [1.5228576858295273, 8.438035710652857], [1.5126551673067452, 8.429536706808253], [1.5182294017898839, 8.385524934281065], [1.4965903541885532, 8.367653225945093], [1.3623722190481682, 8.365948331079066], [1.251540698748913, 8.371350919260971], [1.235875934723266, 8.377749598232235], [1.235662258920949, 8.38226470266515], [1.2458761227831872, 8.384906575740887], [1.2462021974733601, 8.396234410756021], [1.2387543071622977, 8.398279877975323], [1.2391267437904183, 8.409994986856407], [1.2287622662121205, 8.428790919151444], [1.2311156541889483, 8.433554632597291], [1.2238902394059161, 8.452242368731081], [1.2344505114211426, 8.456127958873303], [1.2539709517857431, 8.496954500067067], [1.2452855664549565, 8.502274678117097], [1.2421588032190256, 8.51650036685242], [1.2334345677975762, 8.52405373756247], [1.2433516150623436, 8.531644567448232], [1.2442202905855455, 8.546609324302864], [1.258335835813149, 8.543139234690912], [1.2610141366884562, 8.547476867190252], [1.3333289117077105, 8.532135116221854], [1.3803077501522487, 8.544543299198763], [1.4588373409270845, 8.541883461352052], [1.537195108802947, 8.55939661604446], [1.5697150711011627, 8.561080600661196]]]}}, {"id": "229", "type": "Feature", "properties": {"canton_id": 229}, "geometry": {"type": "Polygon", "coordinates": [[[1.5463294818136653, 8.913086647635232], [1.555839437983099, 8.904086471495745], [1.5740094142201861, 8.905502518832716], [1.5837776613710743, 8.879389196369912], [1.559250726224132, 8.847472579134864], [1.5771645477239804, 8.839369005433426], [1.5681400886217292, 8.823375117903133], [1.5685159020428407, 8.801071656123447], [1.5991347501947453, 8.78061223932792], [1.5967952862233714, 8.773056311477532], [1.5766169735503721, 8.767692949375261], [1.562858942257024, 8.751585176336095], [1.5478825316102198, 8.750951159034049], [1.4650592431225269, 8.76432394005545], [1.4572091658269808, 8.783339871192197], [1.4493505355151561, 8.777004048706495], [1.4306078825893391, 8.773338038879485], [1.3844870239561173, 8.803047227535465], [1.37438989072948, 8.774595324951028], [1.390700492731474, 8.7564238638473], [1.3724110527490994, 8.606246188077815], [1.3721937430179185, 8.542400647431709], [1.3333289117077105, 8.532135116221854], [1.2664957097162373, 8.545387975650288], [1.26853505730703, 8.560629726889399], [1.2578463217864952, 8.561571662992014], [1.253654557523694, 8.575700251468344], [1.2643676324420492, 8.589578323142183], [1.2606669260223944, 8.610308318801899], [1.2639503769608544, 8.614891518700437], [1.2591043835483833, 8.625039223047011], [1.2666084619464522, 8.656461455885688], [1.2637048267565008, 8.66819391077289], [1.2701933802121828, 8.675878236548286], [1.2603829091213743, 8.68065839067664], [1.2641026382065115, 8.69454045812549], [1.2544166139057422, 8.70532381791473], [1.27668878201564, 8.722311747253604], [1.2725283575536965, 8.7335657410842], [1.2748856247087053, 8.749034754234915], [1.2822288770571713, 8.744527537568715], [1.2895722522304642, 8.754764293044142], [1.30311151947074, 8.756826946374964], [1.2998382939031208, 8.767182537242068], [1.3147543942945727, 8.771766192786869], [1.308265053370992, 8.790248519170657], [1.316373381327809, 8.796130802759883], [1.3140785250324942, 8.801020000467929], [1.3250935920343943, 8.80331182991976], [1.3281486032047447, 8.812062003707645], [1.320958287956925, 8.81977780788922], [1.322205692472349, 8.85098193902655], [1.3514999259805494, 8.843731674102447], [1.4264657757504124, 8.852706288167976], [1.4569850916590634, 8.904939519508352], [1.4625442003714153, 8.951012065149031], [1.4852966751467755, 8.990137701585356], [1.5178117195611232, 8.984116957671022], [1.538761192348023, 8.968433597931735], [1.5398784151610192, 8.930751146468062], [1.5463294818136653, 8.913086647635232]]]}}, {"id": "230", "type": "Feature", "properties": {"canton_id": 230}, "geometry": {"type": "Polygon", "coordinates": [[[1.6302837034467075, 8.778265783288877], [1.5991347501947453, 8.78061223932792], [1.5685159020428407, 8.801071656123447], [1.5681400886217292, 8.823375117903133], [1.5771645477239804, 8.839369005433426], [1.559250726224132, 8.847472579134864], [1.5837776613710743, 8.879389196369912], [1.5740094142201861, 8.905502518832716], [1.6237470324953371, 8.915803191677158], [1.629357892079672, 8.895320481357485], [1.6302837034467075, 8.778265783288877]]]}}, {"id": "231", "type": "Feature", "properties": {"canton_id": 231}, "geometry": {"type": "Polygon", "coordinates": [[[1.3844870239561173, 8.803047227535465], [1.4306078825893391, 8.773338038879485], [1.4493505355151561, 8.777004048706495], [1.4572091658269808, 8.783339871192197], [1.4650592431225269, 8.76432394005545], [1.5236840347343783, 8.718505239414375], [1.538171427229598, 8.689090675632945], [1.543440951908144, 8.587808666856551], [1.537195108802947, 8.55939661604446], [1.4588373409270845, 8.541883461352052], [1.3721937430179185, 8.542400647431709], [1.3724110527490994, 8.606246188077815], [1.390700492731474, 8.7564238638473], [1.37438989072948, 8.774595324951028], [1.3844870239561173, 8.803047227535465]]]}}, {"id": "232", "type": "Feature", "properties": {"canton_id": 232}, "geometry": {"type": "Polygon", "coordinates": [[[1.5991347501947453, 8.78061223932792], [1.630267285935042, 8.777356020003909], [1.6304810033162125, 8.744569475776139], [1.6225745390799646, 8.544454735163015], [1.6489814719859808, 8.496083578811282], [1.6388169104895698, 8.467327826023652], [1.625528358720808, 8.45634078003834], [1.6312507913021854, 8.444685289238375], [1.6243617219687232, 8.430954044512209], [1.628760579606903, 8.416636173332192], [1.6239681477678334, 8.38538387340956], [1.614721074174316, 8.375268136256588], [1.6173465225328194, 8.369061648015332], [1.6219195132497275, 8.369655975146834], [1.6198543405835686, 8.367532667430284], [1.4965903541885532, 8.367653225945093], [1.5182294017898839, 8.385524934281065], [1.5126551673067452, 8.429536706808253], [1.5228576858295273, 8.438035710652857], [1.5302462184116188, 8.475751098966965], [1.5423322574303033, 8.497332281544557], [1.5706809305809257, 8.50916685455396], [1.569268141053056, 8.525506005076144], [1.578494281714208, 8.537846271490245], [1.5697150711011627, 8.561080600661196], [1.537195108802947, 8.55939661604446], [1.543440951908144, 8.587808666856551], [1.538171427229598, 8.689090675632945], [1.5236840347343783, 8.718505239414375], [1.4650592431225269, 8.76432394005545], [1.5575957623948398, 8.750651807045635], [1.5766169735503721, 8.767692949375261], [1.5967952862233714, 8.773056311477532], [1.5991347501947453, 8.78061223932792]]]}}, {"id": "233", "type": "Feature", "properties": {"canton_id": 233}, "geometry": {"type": "Polygon", "coordinates": [[[0.8962594940352264, 8.96006740925561], [0.8952683128657525, 8.986862902935474], [0.8767243995406143, 9.00369237210981], [0.8860201243371509, 9.007501037009886], [0.8931932716241877, 9.003528495556475], [0.9121423437258604, 9.014180936824838], [0.9270699648471549, 9.014725555507514], [0.9311815872039406, 9.010976343813386], [0.9657322094602336, 9.023945774332349], [1.0264026183361792, 8.977229422588247], [1.0836929808873574, 8.964024359824958], [1.101580673899495, 8.967749224487639], [1.1395979313566464, 8.949574649901548], [1.158244816913863, 8.94567702495548], [1.162333722557222, 8.930654879092808], [1.149741304362248, 8.917698847569538], [1.1516246309317988, 8.901284390911247], [1.122711463418144, 8.897219265842653], [1.098653707598538, 8.913264748046375], [1.0640705185828818, 8.924751206271681], [1.061967694332537, 8.9332331263073], [1.0495962451119407, 8.937568179824513], [1.0395343874817455, 8.933319881101772], [0.9599052744857274, 8.967473882119194], [0.8962594940352264, 8.96006740925561]]]}}, {"id": "234", "type": "Feature", "properties": {"canton_id": 234}, "geometry": {"type": "Polygon", "coordinates": [[[1.1919189848896559, 8.951752542433374], [1.194216648378479, 8.944958726045675], [1.2141243784663542, 8.935691813560332], [1.2149720646436113, 8.930681603089083], [1.1980895469871293, 8.910747662898372], [1.2048101840356065, 8.904230917454871], [1.2028202029196782, 8.890278576348752], [1.213090801590598, 8.873033748208064], [1.2119374987484168, 8.866837103334184], [1.2288719866221942, 8.854330731836557], [1.2439814969209162, 8.852176179716757], [1.2429201042841724, 8.848180157544874], [1.2492428953014167, 8.843783800818306], [1.2479450257241052, 8.835386288109765], [1.2396114167530188, 8.835347251496342], [1.243861139781997, 8.82871543853172], [1.2392523127715818, 8.824293463323526], [1.2460648154731226, 8.82027034478274], [1.2521860393843063, 8.805281216540319], [1.2651082807147367, 8.79741001507603], [1.2624544155503308, 8.792920591237698], [1.267468854095812, 8.77646759638174], [1.2597399096179462, 8.768347517662045], [1.264129556061134, 8.76453012173217], [1.262466493434641, 8.757154298476573], [1.253775601237311, 8.745857369913258], [1.2750323521516507, 8.73608308186839], [1.27668878201564, 8.722311747253604], [1.2544166139057422, 8.70532381791473], [1.2641026382065115, 8.69454045812549], [1.2603829091213743, 8.68065839067664], [1.2701933802121828, 8.675878236548286], [1.2637048267565008, 8.66819391077289], [1.2384572738058353, 8.676762828330954], [1.233387252313974, 8.67301455465223], [1.2148849240923698, 8.683601797240957], [1.2014832990602833, 8.731002248809013], [1.1958880280600503, 8.732136022273878], [1.1978261115289626, 8.738832446273403], [1.1790129894641495, 8.739034865072338], [1.1591551965003979, 8.746922338755791], [1.1574117508379853, 8.740888888554325], [1.1467902450171013, 8.804578477609335], [1.148132569669438, 8.824232338151656], [1.1246998751436772, 8.870419405462831], [1.129774759673847, 8.884156818713807], [1.122711463418144, 8.897219265842653], [1.1516246309317988, 8.901284390911247], [1.149741304362248, 8.917698847569538], [1.162333722557222, 8.930654879092808], [1.158244816913863, 8.94567702495548], [1.1395979313566464, 8.949574649901548], [1.101580673899495, 8.967749224487639], [1.1058419690501338, 8.97953861317908], [1.152257081753393, 8.958843106328354], [1.1578607981449582, 8.962546655198478], [1.1679497321476977, 8.954883671035713], [1.1919189848896559, 8.951752542433374]]]}}, {"id": "235", "type": "Feature", "properties": {"canton_id": 235}, "geometry": {"type": "Polygon", "coordinates": [[[1.3819621262892519, 9.004720817302697], [1.3813576344123233, 8.987652185546311], [1.3664419421297227, 8.95758957662629], [1.3714140627246278, 8.95384626395681], [1.3699588926888184, 8.933492276360889], [1.35205951956461, 8.93952734989935], [1.3554222270027234, 8.933539467701006], [1.3426479200546206, 8.923073532165596], [1.347160964762303, 8.921927594027625], [1.3455417151358817, 8.908028405596552], [1.324413677778138, 8.895024681911917], [1.326708538460471, 8.882496107197156], [1.319135689494894, 8.878599985028814], [1.3174528451900633, 8.884558694207449], [1.3061088516599157, 8.879708802655582], [1.31681791529973, 8.875201589080934], [1.315364549038839, 8.868937328142804], [1.3239386909340525, 8.86233446063524], [1.3180486840217513, 8.855535414419853], [1.321875773234241, 8.853654521567265], [1.32034587768569, 8.837764610149017], [1.3238646305535529, 8.83509080714717], [1.320958287956925, 8.81977780788922], [1.3281486032047447, 8.812062003707645], [1.3250935920343943, 8.80331182991976], [1.3140785250324942, 8.801020000467929], [1.316373381327809, 8.796130802759883], [1.308265053370992, 8.790248519170657], [1.3147543942945727, 8.771766192786869], [1.2998382939031208, 8.767182537242068], [1.30311151947074, 8.756826946374964], [1.2895722522304642, 8.754764293044142], [1.2822288770571713, 8.744527537568715], [1.2748856247087053, 8.749034754234915], [1.2729009953175305, 8.73622312626274], [1.253775601237311, 8.745857369913258], [1.262466493434641, 8.757154298476573], [1.264129556061134, 8.76453012173217], [1.2597399096179462, 8.768347517662045], [1.267468854095812, 8.77646759638174], [1.2624544155503308, 8.792920591237698], [1.2651082807147367, 8.79741001507603], [1.2521860393843063, 8.805281216540319], [1.2460648154731226, 8.82027034478274], [1.2392523127715818, 8.824293463323526], [1.243861139781997, 8.82871543853172], [1.2396114167530188, 8.835347251496342], [1.2479450257241052, 8.835386288109765], [1.2492428953014167, 8.843783800818306], [1.2426649292965055, 8.853167759011928], [1.2288719866221942, 8.854330731836557], [1.2119374987484168, 8.866837103334184], [1.213090801590598, 8.873033748208064], [1.2028202029196782, 8.890278576348752], [1.2048101840356065, 8.904230917454871], [1.1980895469871293, 8.910747662898372], [1.2149720646436113, 8.930681603089083], [1.2141243784663542, 8.935691813560332], [1.19090754856513, 8.948166012046082], [1.1850892927630503, 8.968974643066986], [1.213441276654572, 8.990576982777993], [1.2232865575712477, 8.987375501644214], [1.2745223574751334, 8.992223874720327], [1.2913515158453333, 9.003252238189646], [1.3806840832574032, 9.032326904759508], [1.3760555317243153, 9.022228310373361], [1.3819621262892519, 9.004720817302697]]]}}, {"id": "236", "type": "Feature", "properties": {"canton_id": 236}, "geometry": {"type": "Polygon", "coordinates": [[[1.0264026183361792, 8.977229422588247], [1.0377318166498313, 9.022759258987595], [1.0741251455521263, 9.0309331418312], [1.1287099317996863, 9.00512201694197], [1.1535060294435908, 8.9867257282085], [1.1674714772091859, 8.993139822882265], [1.166879038438671, 9.008588637918802], [1.187192074649687, 9.022094586172322], [1.200012001668605, 9.01601774139215], [1.1944604191150385, 8.999080320070682], [1.2017900715738337, 8.985128049978798], [1.1850892927630503, 8.968974643066986], [1.1919189848896559, 8.951752542433374], [1.1679497321476977, 8.954883671035713], [1.1578607981449582, 8.962546655198478], [1.152257081753393, 8.958843106328354], [1.1058419690501338, 8.97953861317908], [1.101580673899495, 8.967749224487639], [1.0836929808873574, 8.964024359824958], [1.0264026183361792, 8.977229422588247]]]}}, {"id": "237", "type": "Feature", "properties": {"canton_id": 237}, "geometry": {"type": "Polygon", "coordinates": [[[1.2193383680503447, 9.056260000806494], [1.2189807506826953, 9.036397487057489], [1.207115105000086, 9.031530104944778], [1.1968805272692784, 9.019583985008945], [1.187192074649687, 9.022094586172322], [1.166879038438671, 9.008588637918802], [1.1674714772091859, 8.993139822882265], [1.1535060294435908, 8.9867257282085], [1.1287099317996863, 9.00512201694197], [1.0741251455521263, 9.0309331418312], [1.0377318166498313, 9.022759258987595], [1.0264026183361792, 8.977229422588247], [0.962985841768977, 9.027139435039588], [0.9726866421894202, 9.054172981844603], [0.9767307306928378, 9.057923267484632], [0.9954485482477371, 9.055869924203668], [0.99726313062588, 9.062273327816317], [1.0048240843565932, 9.063058605296714], [1.0020140209642, 9.076016204903619], [1.0110841227753173, 9.077075994450658], [1.0081176263225493, 9.092305517821208], [1.0229099504188868, 9.098115992601635], [1.033297193831548, 9.081186825044323], [1.0363324730686143, 9.090923727907343], [1.0629764335783307, 9.094545205877749], [1.0997638085366583, 9.068543509767146], [1.1720800599358, 9.048855663766956], [1.1894867226440462, 9.046997820310617], [1.2193383680503447, 9.056260000806494]]]}}, {"id": "238", "type": "Feature", "properties": {"canton_id": 238}, "geometry": {"type": "Polygon", "coordinates": [[[0.9599052744857274, 8.967473882119194], [1.0395343874817455, 8.933319881101772], [1.0495962451119407, 8.937568179824513], [1.061967694332537, 8.9332331263073], [1.0640705185828818, 8.924751206271681], [1.098653707598538, 8.913264748046375], [1.122711463418144, 8.897219265842653], [1.129774759673847, 8.884156818713807], [1.1246998751436772, 8.870419405462831], [1.148132569669438, 8.824232338151656], [1.1467902450171013, 8.804578477609335], [1.1574117508379853, 8.740888888554325], [1.1328668675905327, 8.731493141569487], [1.1229332443529758, 8.736028350842133], [1.121149132121064, 8.752171827012075], [1.1071115529117062, 8.745885091929523], [1.0989020810853491, 8.753879807314012], [1.0805837770974651, 8.747907409519561], [1.0694893237103367, 8.750931370959698], [1.0676009674641431, 8.74571336052762], [1.0616206953756684, 8.754074737225562], [1.0523672029974036, 8.74810234020876], [1.053217623884304, 8.758141906430652], [1.048102147863076, 8.759595762525382], [1.0505205435689182, 8.772353797149446], [1.0363047735111255, 8.776091141308891], [1.0291029358068815, 8.785454385944751], [1.0104952016664346, 8.787997071253985], [1.0051446850802275, 8.80698788079715], [0.9744357743435663, 8.821300534731552], [0.9617692067338344, 8.862404513411514], [0.9682396338799176, 8.883284102978541], [0.9658073822290719, 8.894822696225393], [0.9513622726641228, 8.909649068073964], [0.9135461958315108, 8.92094266231396], [0.9020661004378571, 8.937207177262405], [0.9041670970359892, 8.948430306721399], [0.8958634853908615, 8.95994479486518], [0.9599052744857274, 8.967473882119194]]]}}, {"id": "239", "type": "Feature", "properties": {"canton_id": 239}, "geometry": {"type": "Polygon", "coordinates": [[[1.2916335755576098, 9.171826026939586], [1.2487207985545352, 9.186459044052024], [1.228669812392089, 9.20089236207344], [1.2216469165555865, 9.222854423272803], [1.224585137422387, 9.231804319228596], [1.2362571922123853, 9.24890943440285], [1.256458946324304, 9.264296375216427], [1.2846086966990127, 9.26461173241347], [1.300967954191122, 9.252231944289985], [1.313699447680634, 9.251328664524484], [1.294322092552656, 9.212568167285953], [1.2916335755576098, 9.171826026939586]]]}}, {"id": "240", "type": "Feature", "properties": {"canton_id": 240}, "geometry": {"type": "Polygon", "coordinates": [[[1.2487207985545352, 9.186459044052024], [1.238658003720492, 9.169985729707836], [1.2234197001817102, 9.159064035522753], [1.2067379236774414, 9.158981805958346], [1.20432118767865, 9.189055054496636], [1.1004075691972877, 9.19000687023994], [1.054237988510114, 9.19651417985905], [1.0329799845625458, 9.204584541932196], [1.0094475836331132, 9.199534211256442], [1.0264091381055105, 9.249400903855465], [1.0521013301538347, 9.273020461804256], [1.060889012875078, 9.275346681878348], [1.117712157536594, 9.258186819981225], [1.1715681717585695, 9.25183461659459], [1.188329044748601, 9.244461398093915], [1.1886044276603658, 9.230023445795432], [1.1983259482918935, 9.212320091689577], [1.2148872856365527, 9.227797177828329], [1.2216469165555865, 9.222854423272803], [1.228669812392089, 9.20089236207344], [1.2487207985545352, 9.186459044052024]]]}}, {"id": "241", "type": "Feature", "properties": {"canton_id": 241}, "geometry": {"type": "Polygon", "coordinates": [[[1.0020140209642, 9.076016204903619], [0.9892932689686489, 9.102133330364232], [0.9805967814897737, 9.153072109111212], [0.9832579655157244, 9.164032934619408], [0.9968135910719007, 9.180851969237313], [1.0156708504129706, 9.159878107116326], [1.1345676300781489, 9.126537673071434], [1.2012936356858435, 9.12554382978283], [1.2329724128628052, 9.132657861798542], [1.2593373484473906, 9.121119146933395], [1.2479997891977601, 9.091695016519951], [1.21966789303219, 9.074570701297572], [1.2193383680503447, 9.056260000806494], [1.1894867226440462, 9.046997820310617], [1.0997638085366583, 9.068543509767146], [1.0629764335783307, 9.094545205877749], [1.0363324730686143, 9.090923727907343], [1.033297193831548, 9.081186825044323], [1.0229099504188868, 9.098115992601635], [1.0081176263225493, 9.092305517821208], [1.0110841227753173, 9.077075994450658], [1.0020140209642, 9.076016204903619]]]}}, {"id": "242", "type": "Feature", "properties": {"canton_id": 242}, "geometry": {"type": "Polygon", "coordinates": [[[0.9968135910719007, 9.180851969237313], [0.9905166793034068, 9.173120201730674], [1.0094475836331132, 9.199534211256442], [1.0329799845625458, 9.204584541932196], [1.054237988510114, 9.19651417985905], [1.1004075691972877, 9.19000687023994], [1.20432118767865, 9.189055054496636], [1.2067379236774414, 9.158981805958346], [1.2234197001817102, 9.159064035522753], [1.238658003720492, 9.169985729707836], [1.2487207985545352, 9.186459044052024], [1.2916335755576098, 9.171826026939586], [1.2728559420741488, 9.13632912960736], [1.2593373484473906, 9.121119146933395], [1.2329724128628052, 9.132657861798542], [1.2012936356858435, 9.12554382978283], [1.1345676300781489, 9.126537673071434], [1.0156708504129706, 9.159878107116326], [0.9968135910719007, 9.180851969237313]]]}}, {"id": "243", "type": "Feature", "properties": {"canton_id": 243}, "geometry": {"type": "Polygon", "coordinates": [[[1.1968805272692784, 9.019583985008945], [1.207115105000086, 9.031530104944778], [1.2189807506826953, 9.036397487057489], [1.248637834668344, 9.034391261713255], [1.2593249727894704, 9.038330818975176], [1.2857310605477703, 9.023954484424435], [1.3021160055383119, 9.00366693792936], [1.2913515158453333, 9.003252238189646], [1.2745223574751334, 8.992223874720327], [1.2232865575712477, 8.987375501644214], [1.213441276654572, 8.990576982777993], [1.2017900715738337, 8.985128049978798], [1.1944604191150385, 8.999080320070682], [1.200012001668605, 9.01601774139215], [1.1968805272692784, 9.019583985008945]]]}}, {"id": "244", "type": "Feature", "properties": {"canton_id": 244}, "geometry": {"type": "Polygon", "coordinates": [[[1.2189807506826953, 9.036397487057489], [1.21966789303219, 9.074570701297572], [1.2479997891977601, 9.091695016519951], [1.3869874262827273, 9.07739898477754], [1.380171507109049, 9.064465557412372], [1.376612094788297, 9.065221912301105], [1.381837644703738, 9.061137622887086], [1.3756892896897466, 9.054443900302921], [1.380914840742061, 9.049830178203477], [1.37712466737314, 9.038680153144316], [1.3806840832574032, 9.032326904759508], [1.3021160055383119, 9.00366693792936], [1.2857310605477703, 9.023954484424435], [1.2593249727894704, 9.038330818975176], [1.248637834668344, 9.034391261713255], [1.2189807506826953, 9.036397487057489]]]}}, {"id": "245", "type": "Feature", "properties": {"canton_id": 245}, "geometry": {"type": "Polygon", "coordinates": [[[1.4527052755705818, 9.276117263253814], [1.4414194021804547, 9.255851878940582], [1.441338217556809, 9.239325691246858], [1.421024619642687, 9.217268494982555], [1.3995797103732572, 9.204909943855318], [1.3990412618669519, 9.192013243657701], [1.393967231682474, 9.187702080637553], [1.4029055249897207, 9.174959540661181], [1.4066225536449355, 9.148741864074982], [1.4144292839654644, 9.136834869620056], [1.39609507737178, 9.112048561820059], [1.3977610880603712, 9.10380445029812], [1.3931414682881649, 9.101611018564403], [1.389878751317518, 9.079859497374047], [1.2479997891977601, 9.091695016519951], [1.2593373484473906, 9.121119146933395], [1.2883803239259768, 9.163009822422605], [1.294322092552656, 9.212568167285953], [1.313699447680634, 9.251328664524484], [1.3248651332083212, 9.252988807910373], [1.3454562247620696, 9.273947500894785], [1.3837803871361722, 9.294866453688757], [1.421228089385246, 9.30812164237118], [1.4527052755705818, 9.276117263253814]]]}}, {"id": "246", "type": "Feature", "properties": {"canton_id": 246}, "geometry": {"type": "Polygon", "coordinates": [[[1.0264091381055105, 9.249400903855465], [1.023983443807451, 9.273619892639333], [1.0161628661799862, 9.29219312571486], [0.9973766976797054, 9.298277828619769], [0.9690513726354507, 9.333408227543117], [0.9377294390840837, 9.34012571884862], [0.9453366062237064, 9.374334226692042], [0.9386593793637218, 9.393972239261014], [0.9418340488516703, 9.400037735935395], [0.9518704835072688, 9.403452857821089], [0.9512791915186608, 9.410692343200386], [0.959951613455517, 9.42180378394508], [0.9689696671909614, 9.43150361051724], [0.9787288433191126, 9.431662271066111], [1.031428471578646, 9.421626421323635], [1.0609911589131924, 9.400037056058055], [1.074137254673419, 9.3842645233063], [1.0915212058898072, 9.37455776993766], [1.1577428642502978, 9.397309195876737], [1.1324091692351477, 9.357895534147563], [1.1302403719074954, 9.339567794657585], [1.1168064596447398, 9.317858868495435], [1.093903239477061, 9.312674606897206], [1.0688297133346587, 9.271117176815034], [1.060889012875078, 9.275346681878348], [1.0521013301538347, 9.273020461804256], [1.0264091381055105, 9.249400903855465]]]}}, {"id": "247", "type": "Feature", "properties": {"canton_id": 247}, "geometry": {"type": "Polygon", "coordinates": [[[1.149191335683749, 9.379574443387758], [1.1577428642502978, 9.397309195876737], [1.1756971275685768, 9.402207186003444], [1.209374505231275, 9.436056478042806], [1.2506612531091097, 9.440084461391463], [1.2565068359733143, 9.384776303080603], [1.25139042378456, 9.374759329552804], [1.238467141832211, 9.369870787323745], [1.1657350402755944, 9.364467190706824], [1.149191335683749, 9.379574443387758]]]}}, {"id": "248", "type": "Feature", "properties": {"canton_id": 248}, "geometry": {"type": "Polygon", "coordinates": [[[1.25139042378456, 9.374759329552804], [1.2918946866685945, 9.361555715733044], [1.2859830619961197, 9.350640738712045], [1.2956876733796128, 9.346940485311357], [1.27684415392511, 9.319739906321912], [1.238449265218224, 9.333571483245295], [1.212146350325792, 9.30926465531939], [1.2077043079270833, 9.299015722427704], [1.1881632009127836, 9.315308889844843], [1.1526683997438536, 9.325973272272611], [1.1168064596447398, 9.317858868495435], [1.1302403719074954, 9.339567794657585], [1.1324091692351477, 9.357895534147563], [1.149191335683749, 9.379574443387758], [1.1657350402755944, 9.364467190706824], [1.238467141832211, 9.369870787323745], [1.25139042378456, 9.374759329552804]]]}}, {"id": "249", "type": "Feature", "properties": {"canton_id": 249}, "geometry": {"type": "Polygon", "coordinates": [[[1.0688297133346587, 9.271117176815034], [1.093903239477061, 9.312674606897206], [1.1526683997438536, 9.325973272272611], [1.1881632009127836, 9.315308889844843], [1.2170715148128533, 9.295378741536112], [1.2390787199554993, 9.297905569617871], [1.257682362307603, 9.293526209109713], [1.256458946324304, 9.264296375216427], [1.2362571922123853, 9.24890943440285], [1.2203516270351618, 9.221686018172221], [1.2148872856365527, 9.227797177828329], [1.1983259482918935, 9.212320091689577], [1.1886044276603658, 9.230023445795432], [1.188329044748601, 9.244461398093915], [1.1715681717585695, 9.25183461659459], [1.1481341345435807, 9.25217096465251], [1.0688297133346587, 9.271117176815034]]]}}, {"id": "250", "type": "Feature", "properties": {"canton_id": 250}, "geometry": {"type": "Polygon", "coordinates": [[[1.2077043079270833, 9.299015722427704], [1.212146350325792, 9.30926465531939], [1.238449265218224, 9.333571483245295], [1.27684415392511, 9.319739906321912], [1.257682362307603, 9.293526209109713], [1.2077043079270833, 9.299015722427704]]]}}, {"id": "251", "type": "Feature", "properties": {"canton_id": 251}, "geometry": {"type": "Polygon", "coordinates": [[[1.400095069583033, 9.424058657126706], [1.3988614914783193, 9.366271304558362], [1.4048965059129306, 9.342035541124318], [1.421228089385246, 9.30812164237118], [1.3837803871361722, 9.294866453688757], [1.3454562247620696, 9.273947500894785], [1.319270972088271, 9.250544522138567], [1.3078554886118603, 9.249383247347424], [1.2846086966990127, 9.26461173241347], [1.256458946324304, 9.264296375216427], [1.257682362307603, 9.293526209109713], [1.2956876733796128, 9.346940485311357], [1.2859830619961197, 9.350640738712045], [1.2918946866685945, 9.361555715733044], [1.25139042378456, 9.374759329552804], [1.2565068359733143, 9.384776303080603], [1.2506612531091097, 9.440084461391463], [1.2765821680541265, 9.43606190947538], [1.30977069321164, 9.442178168011711], [1.3313485866167614, 9.462185329537368], [1.3642373246299737, 9.460681026475438], [1.3703046247274497, 9.439655227363383], [1.400095069583033, 9.424058657126706]]]}}, {"id": "252", "type": "Feature", "properties": {"canton_id": 252}, "geometry": {"type": "Polygon", "coordinates": [[[0.7599546573598029, 9.056738212688519], [0.739854060505193, 9.052912000134029], [0.7224260364122265, 9.059502444386279], [0.7132021825334999, 9.035801180989846], [0.705305864451771, 9.038842921198617], [0.7010136332201795, 9.02303566035921], [0.676466811912023, 9.014654635064655], [0.6657316363984954, 8.993660283210847], [0.6533780936275454, 8.989676312102674], [0.6555657796814608, 8.998415333356862], [0.6465579705559849, 9.002784878883366], [0.6154143025716721, 8.992527797335624], [0.6051248212953281, 8.996385900123022], [0.6095549394837045, 9.013095263513915], [0.6287748906110219, 9.032255453290057], [0.5974137814744382, 9.05795514285693], [0.6194897981752416, 9.093226912258533], [0.6564916672216043, 9.111325202144794], [0.6551332858282459, 9.130352440893136], [0.7295648063592186, 9.145710658694536], [0.7829372478397837, 9.132829001493057], [0.7878594444270829, 9.124487613434779], [0.7855329173164606, 9.111489219393762], [0.7718766465389189, 9.105312429653427], [0.7599546573598029, 9.056738212688519]]]}}, {"id": "253", "type": "Feature", "properties": {"canton_id": 253}, "geometry": {"type": "Polygon", "coordinates": [[[0.9407298089670925, 9.386971392093242], [0.9453366062237064, 9.374334226692042], [0.9377294390840837, 9.34012571884862], [0.9618628812977702, 9.33687032460047], [0.9786517836105131, 9.326148915327934], [0.9973766976797054, 9.298277828619769], [1.0161628661799862, 9.29219312571486], [1.0259555850844433, 9.264570253681306], [1.0264091381055105, 9.249400903855465], [1.0162020966955863, 9.213549909278733], [0.9832579655157244, 9.164032934619408], [0.9805967814897737, 9.153072109111212], [0.9892932689686489, 9.102133330364232], [1.0048240843565932, 9.063058605296714], [0.99726313062588, 9.062273327816317], [0.9954485482477371, 9.055869924203668], [0.9767307306928378, 9.057923267484632], [0.9726866421894202, 9.054172981844603], [0.963362136388447, 9.02278099394844], [0.9311815872039406, 9.010976343813386], [0.9270699648471549, 9.014725555507514], [0.9054088044861485, 9.012514627694452], [0.8931932716241877, 9.003528495556475], [0.8622823046935488, 9.008043908187906], [0.8481003663493594, 9.003580601250292], [0.8227660450242731, 9.016603780146795], [0.8174663157888638, 9.014468049876017], [0.8123993784758251, 9.027443261504215], [0.8043791169249848, 9.021000506238336], [0.7882440804272087, 9.033774702644694], [0.7755212922045567, 9.065739176862447], [0.7599546573598029, 9.056738212688519], [0.7718766465389189, 9.105312429653427], [0.7855329173164606, 9.111489219393762], [0.7878594444270829, 9.124487613434779], [0.7829372478397837, 9.132829001493057], [0.7295648063592186, 9.145710658694536], [0.6551332858282459, 9.130352440893136], [0.6465976361202974, 9.136184583118531], [0.6423784015114761, 9.148128186955148], [0.6422706284259632, 9.175447034378005], [0.6361762640170062, 9.178482119395044], [0.6349614941973677, 9.19458972956979], [0.6664387233324194, 9.232269925188737], [0.6990574663846515, 9.226864144380388], [0.7384086182008847, 9.271104859590336], [0.738470881358463, 9.328336095464659], [0.7433011535205186, 9.340850829295821], [0.7888035773298555, 9.367075306559126], [0.7751834242220295, 9.395644083310154], [0.7915909160920116, 9.398658848109271], [0.7963631389425397, 9.405750209500297], [0.816300951590599, 9.40883548408827], [0.8461441826539691, 9.405374172552488], [0.8633009359762686, 9.413223717046199], [0.8874549418435043, 9.392866811660827], [0.9407298089670925, 9.386971392093242]]]}}, {"id": "254", "type": "Feature", "properties": {"canton_id": 254}, "geometry": {"type": "Polygon", "coordinates": [[[0.7418654816726092, 9.34873014171311], [0.738470881358463, 9.328336095464659], [0.7384086182008847, 9.271104859590336], [0.6990574663846515, 9.226864144380388], [0.6664387233324194, 9.232269925188737], [0.6569077396097973, 9.21745248164413], [0.6427719208951239, 9.210099957679907], [0.6383012723601049, 9.25963906434424], [0.632287078673288, 9.267571261566346], [0.6387571856588912, 9.277180322143922], [0.6546457578413997, 9.335765246415802], [0.6666700853630175, 9.353112437088472], [0.6819800133612035, 9.352871137962623], [0.698253503899631, 9.36305625578071], [0.7163022093696777, 9.351812462005773], [0.7351253556361235, 9.353641486093714], [0.7418654816726092, 9.34873014171311]]]}}, {"id": "255", "type": "Feature", "properties": {"canton_id": 255}, "geometry": {"type": "Polygon", "coordinates": [[[0.5152653239666726, 9.237979910701199], [0.5984937742196431, 9.242721606554936], [0.6139651560648889, 9.211404939841977], [0.6475892137882282, 9.209656954064068], [0.6349614941973677, 9.19458972956979], [0.6361762640170062, 9.178482119395044], [0.6422706284259632, 9.175447034378005], [0.6423784015114761, 9.148128186955148], [0.6465976361202974, 9.136184583118531], [0.6551332858282459, 9.130352440893136], [0.6564916672216043, 9.111325202144794], [0.6194897981752416, 9.093226912258533], [0.5974137814744382, 9.05795514285693], [0.6287748906110219, 9.032255453290057], [0.6095549394837045, 9.013095263513915], [0.6051248212953281, 8.996385900123022], [0.6154143025716721, 8.992527797335624], [0.6273223901587336, 8.999091399215729], [0.6262159966781964, 8.968932027769988], [0.6155780279879959, 8.951303591775229], [0.6000419591295848, 8.946066961159211], [0.5997012117675461, 8.931292145254892], [0.5907081048535354, 8.9271488291889], [0.582441487177849, 8.909088172303004], [0.5776816420572667, 8.907417052393905], [0.5816126476260233, 8.883866574058247], [0.5745242965349764, 8.879939112092334], [0.5566894033722015, 8.88537701259431], [0.5520392930596876, 8.87425809245296], [0.5394790482287174, 8.863885272005204], [0.5248678157319334, 8.874597942059774], [0.5269406445520743, 8.879275135214078], [0.5118510220143119, 8.902380156150466], [0.5087661193480779, 8.917791049505182], [0.5138018604220324, 8.926154272416532], [0.5131894784975973, 8.938738518331915], [0.46627851138434323, 9.004622858661858], [0.47003445802868543, 9.018459201969927], [0.45570197011295605, 9.045897467654958], [0.45596570707273515, 9.053949592571668], [0.45704261043488825, 9.060812394414095], [0.4623929499651372, 9.060892977100039], [0.4628892624379904, 9.071212956788427], [0.45912292879399896, 9.071264032756302], [0.46697406505969735, 9.09365850785338], [0.48532017993174353, 9.099541475139379], [0.4867437892048415, 9.111897250107058], [0.47645135335523736, 9.144298021079502], [0.511598057075173, 9.163971323821356], [0.5315523658447253, 9.212520418879253], [0.5152653239666726, 9.237979910701199]]]}}, {"id": "256", "type": "Feature", "properties": {"canton_id": 256}, "geometry": {"type": "Polygon", "coordinates": [[[0.5874395233403953, 9.367723678632117], [0.658160955472271, 9.34092015517064], [0.632287078673288, 9.267571261566346], [0.6383012723601049, 9.25963906434424], [0.6427719208951239, 9.210099957679907], [0.6139651560648889, 9.211404939841977], [0.5984937742196431, 9.242721606554936], [0.5152653239666726, 9.237979910701199], [0.5057033305198073, 9.255103581068603], [0.5386130063260383, 9.306348271020141], [0.5529774452584892, 9.304369946787634], [0.5551015761415367, 9.316634179010537], [0.545203114972827, 9.340439189276799], [0.5548823425051611, 9.363256039999397], [0.5874395233403953, 9.367723678632117]]]}}, {"id": "257", "type": "Feature", "properties": {"canton_id": 257}, "geometry": {"type": "Polygon", "coordinates": [[[0.6852893613145256, 9.50578959678729], [0.6988058537419384, 9.491538144976055], [0.7305727637339484, 9.50057711209867], [0.7146663978238235, 9.477094960235018], [0.7169868654365784, 9.469946883360759], [0.7320122615896676, 9.469553778286238], [0.7328660858031751, 9.4448312374639], [0.7569844860908315, 9.428892851622152], [0.7525377810392593, 9.413556418966367], [0.7751834242220295, 9.395644083310154], [0.7888035773298555, 9.367075306559126], [0.7433011535205186, 9.340850829295821], [0.7418654816726092, 9.34873014171311], [0.7351253556361235, 9.353641486093714], [0.7163022093696777, 9.351812462005773], [0.698253503899631, 9.36305625578071], [0.6819800133612035, 9.352871137962623], [0.6666700853630175, 9.353112437088472], [0.658160955472271, 9.34092015517064], [0.5874395233403953, 9.367723678632117], [0.5548823425051611, 9.363256039999397], [0.5668671736029156, 9.405643208174391], [0.5566477866249593, 9.412026621967279], [0.6102915662366851, 9.449258783471276], [0.6458658659225207, 9.467413684889689], [0.6852893613145256, 9.50578959678729]]]}}, {"id": "258", "type": "Feature", "properties": {"canton_id": 258}, "geometry": {"type": "Polygon", "coordinates": [[[0.7690047247945047, 9.595577346251963], [0.7657043310701563, 9.570082537856898], [0.7746906271530068, 9.55650028962802], [0.7774739700536022, 9.523644654504965], [0.7564548309629238, 9.502903056119566], [0.6988058537419384, 9.491538144976055], [0.6852198624228844, 9.505862869383455], [0.6811546462947188, 9.534196479040009], [0.6592562562590933, 9.568670505370843], [0.6613720178376081, 9.58026750303626], [0.6682412961681437, 9.586186218723423], [0.6859149262893889, 9.580048337445024], [0.7171045050150511, 9.589907372158098], [0.73740100974554, 9.587569746810098], [0.7596640945633404, 9.600868129895632], [0.7690047247945047, 9.595577346251963]]]}}, {"id": "259", "type": "Feature", "properties": {"canton_id": 259}, "geometry": {"type": "Polygon", "coordinates": [[[0.9199234156261235, 9.658636699981882], [0.9198942336969682, 9.633943376898848], [0.9312813367252624, 9.622426974304586], [0.9470510764726713, 9.632554456639408], [0.9672106987094409, 9.61340825146541], [0.9896518364293231, 9.603947906830774], [1.0009929695880913, 9.6059287735216], [1.0115022000353133, 9.597638363307937], [1.009046251958417, 9.58421301886414], [0.997599834925708, 9.566336328545969], [0.9231659102948535, 9.567466268575416], [0.915296742352713, 9.54053787002919], [0.897057667353819, 9.520836948313011], [0.8727308129566641, 9.521145028385776], [0.8521113472373356, 9.515779286147506], [0.8527314950271777, 9.489927929314122], [0.883667489921961, 9.459135141323364], [0.8633009359762686, 9.413223717046199], [0.8461441826539691, 9.405374172552488], [0.816300951590599, 9.40883548408827], [0.7963631389425397, 9.405750209500297], [0.7915909160920116, 9.398658848109271], [0.7751834242220295, 9.395644083310154], [0.7525377810392593, 9.413556418966367], [0.7569844860908315, 9.428892851622152], [0.7328660858031751, 9.4448312374639], [0.7320122615896676, 9.469553778286238], [0.7169868654365784, 9.469946883360759], [0.7146663978238235, 9.477094960235018], [0.7305727637339484, 9.50057711209867], [0.7564548309629238, 9.502903056119566], [0.7774739700536022, 9.523644654504965], [0.7746906271530068, 9.55650028962802], [0.7657043310701563, 9.570082537856898], [0.7690047247945047, 9.595577346251963], [0.7836598650059764, 9.593217591382077], [0.8025013237575147, 9.601810952760875], [0.8123428688322887, 9.630018450150178], [0.8208791864570761, 9.64043103734546], [0.844727069202418, 9.63591023749539], [0.8576447288437173, 9.661491466284806], [0.8786204177362562, 9.679125356774811], [0.9011701101108044, 9.673609041693911], [0.903805359815161, 9.66050657844633], [0.912027196609728, 9.662864246218932], [0.9199234156261235, 9.658636699981882]]]}}, {"id": "260", "type": "Feature", "properties": {"canton_id": 260}, "geometry": {"type": "Polygon", "coordinates": [[[0.997599834925708, 9.566336328545969], [0.9913089025652021, 9.550283308503555], [0.9934368300449438, 9.535460712866167], [0.9845193975712881, 9.521414412018014], [0.9869245800353443, 9.477858318690544], [0.9732502606228166, 9.462429522628774], [0.966332678095654, 9.425642001757815], [0.9512791915186608, 9.410692343200386], [0.9518704835072688, 9.403452857821089], [0.9438586365112658, 9.39929213720538], [0.9199857678948273, 9.419371780577672], [0.9343417142395587, 9.454994734847677], [0.9292763845329353, 9.496198484001706], [0.915296742352713, 9.54053787002919], [0.9231659102948535, 9.567466268575416], [0.997599834925708, 9.566336328545969]]]}}, {"id": "261", "type": "Feature", "properties": {"canton_id": 261}, "geometry": {"type": "Polygon", "coordinates": [[[0.9407298089670925, 9.386971392093242], [0.8874549418435043, 9.392866811660827], [0.8633009359762686, 9.413223717046199], [0.883667489921961, 9.459135141323364], [0.8527314950271777, 9.489927929314122], [0.8521113472373356, 9.515779286147506], [0.8727308129566641, 9.521145028385776], [0.897057667353819, 9.520836948313011], [0.915296742352713, 9.54053787002919], [0.9292763845329353, 9.496198484001706], [0.9343417142395587, 9.454994734847677], [0.9199857678948273, 9.419371780577672], [0.9418340488516703, 9.400037735935395], [0.9407298089670925, 9.386971392093242]]]}}, {"id": "262", "type": "Feature", "properties": {"canton_id": 262}, "geometry": {"type": "Polygon", "coordinates": [[[1.3335732100112383, 10.011824352687961], [1.3532752406894635, 10.000364170220145], [1.3570012113633847, 9.958939808634849], [1.3550708031347103, 9.876953481233132], [1.323815115397869, 9.876628465000671], [1.2886464758357274, 9.889541783227275], [1.3010744774885001, 9.909326915803913], [1.3097862294193803, 9.966606472788031], [1.3335732100112383, 10.011824352687961]]]}}, {"id": "263", "type": "Feature", "properties": {"canton_id": 263}, "geometry": {"type": "Polygon", "coordinates": [[[1.2243990059026935, 9.81636184550127], [1.2843089768675604, 9.812822018638713], [1.2861377636465, 9.800612788800679], [1.3029225964870275, 9.786342455010809], [1.30027323353821, 9.78106678102673], [1.2832801737182562, 9.77834020397728], [1.2086591706833671, 9.78077227366104], [1.2243990059026935, 9.81636184550127]]]}}, {"id": "264", "type": "Feature", "properties": {"canton_id": 264}, "geometry": {"type": "Polygon", "coordinates": [[[1.3550708031347103, 9.876953481233132], [1.3599411867588531, 9.823151091646169], [1.3227631542817821, 9.806563406325296], [1.3139352200139078, 9.823138690627719], [1.297030571530637, 9.826813620662156], [1.281770416058333, 9.82062725551395], [1.2843089768675604, 9.812822018638713], [1.2243990059026935, 9.81636184550127], [1.246942004448826, 9.867353182655545], [1.2558086699251028, 9.857923087838707], [1.2795506085402901, 9.87345930148184], [1.2886464758357274, 9.889541783227275], [1.323815115397869, 9.876628465000671], [1.3550708031347103, 9.876953481233132]]]}}, {"id": "265", "type": "Feature", "properties": {"canton_id": 265}, "geometry": {"type": "Polygon", "coordinates": [[[1.30027323353821, 9.78106678102673], [1.2995161425665231, 9.753172887004892], [1.284229305749559, 9.744380976979068], [1.2585391455461112, 9.748864724194663], [1.2263507253741002, 9.74425584892383], [1.2117274063385328, 9.731322862865351], [1.191598210042483, 9.756387047660404], [1.2015539574417533, 9.763225462981747], [1.2086591706833671, 9.78077227366104], [1.2703631220584708, 9.777591191845042], [1.30027323353821, 9.78106678102673]]]}}, {"id": "266", "type": "Feature", "properties": {"canton_id": 266}, "geometry": {"type": "Polygon", "coordinates": [[[1.284229305749559, 9.744380976979068], [1.2950107519287053, 9.724440983766064], [1.310811864603425, 9.716487570811996], [1.2946756579975625, 9.678594437295187], [1.2744990650634995, 9.69300744561238], [1.2612706157971278, 9.692795498237404], [1.2481006954305862, 9.705621001006778], [1.2319532089431136, 9.709886870917662], [1.2117274063385328, 9.731322862865351], [1.2263507253741002, 9.74425584892383], [1.2585391455461112, 9.748864724194663], [1.284229305749559, 9.744380976979068]]]}}, {"id": "267", "type": "Feature", "properties": {"canton_id": 267}, "geometry": {"type": "Polygon", "coordinates": [[[1.359915963260867, 9.82314024301487], [1.3635980890143435, 9.803697726466995], [1.3583291113282951, 9.760084676043379], [1.3603853942284416, 9.682325935265247], [1.3470668466915374, 9.687650092079354], [1.33362222195444, 9.680962948611157], [1.3158690176789671, 9.683610578118666], [1.2946756579975625, 9.678594437295187], [1.310811864603425, 9.716487570811996], [1.2950107519287053, 9.724440983766064], [1.284229305749559, 9.744380976979068], [1.2995161425665231, 9.753172887004892], [1.3029225964870275, 9.786342455010809], [1.2861377636465, 9.800612788800679], [1.281770416058333, 9.82062725551395], [1.297030571530637, 9.826813620662156], [1.3139352200139078, 9.823138690627719], [1.3227631542817821, 9.806563406325296], [1.359915963260867, 9.82314024301487]]]}}, {"id": "268", "type": "Feature", "properties": {"canton_id": 268}, "geometry": {"type": "Polygon", "coordinates": [[[1.2919160649692627, 9.61544786614443], [1.362484002557961, 9.601183164389692], [1.337856273143336, 9.551719993755615], [1.358780985498195, 9.50055499814083], [1.3595444288957903, 9.482903603719205], [1.3268602641472715, 9.49314559712088], [1.313093212011394, 9.517944895183389], [1.289365494319176, 9.52546710996638], [1.2779347481169698, 9.520716516186162], [1.2717784905536351, 9.531853694111355], [1.2640787419015371, 9.52458587494393], [1.251740460077458, 9.536455527048025], [1.254599921037509, 9.554542471478127], [1.2631740464388963, 9.560607859042932], [1.273903675134899, 9.58521820641204], [1.274410788134764, 9.598821530223985], [1.2919160649692627, 9.61544786614443]]]}}, {"id": "269", "type": "Feature", "properties": {"canton_id": 269}, "geometry": {"type": "Polygon", "coordinates": [[[1.2946756579975625, 9.678594437295187], [1.3158690176789671, 9.683610578118666], [1.33362222195444, 9.680962948611157], [1.3409899134207, 9.653655635837332], [1.3383294419754945, 9.60606761725077], [1.2919160649692627, 9.61544786614443], [1.2950060372565935, 9.6216808677246], [1.2883926421064007, 9.646491041093197], [1.296567381918517, 9.672591402294085], [1.2946756579975625, 9.678594437295187]]]}}, {"id": "270", "type": "Feature", "properties": {"canton_id": 270}, "geometry": {"type": "Polygon", "coordinates": [[[1.33362222195444, 9.680962948611157], [1.3470668466915374, 9.687650092079354], [1.3603853942284416, 9.682325935265247], [1.3660094432863388, 9.662229517919446], [1.3621749316696596, 9.652902990666052], [1.362484002557961, 9.601183164389692], [1.3383294419754945, 9.60606761725077], [1.3409899134207, 9.653655635837332], [1.33362222195444, 9.680962948611157]]]}}, {"id": "271", "type": "Feature", "properties": {"canton_id": 271}, "geometry": {"type": "Polygon", "coordinates": [[[0.6618477167141321, 9.889471965242905], [0.6742991929605073, 9.899731479445592], [0.6814122419478199, 9.896534759494365], [0.6763201005869173, 9.867207765344117], [0.6810414547840467, 9.861112116606664], [0.7012006834652548, 9.856899866374238], [0.703555440701835, 9.845795544524238], [0.7255360532574504, 9.818013200464694], [0.7199118652795092, 9.809262942112806], [0.7186841491326548, 9.77962217655363], [0.6970826724062538, 9.78540597658438], [0.6338767848960979, 9.742863828757924], [0.602868265811707, 9.744782557929845], [0.6058550484666303, 9.808647196153753], [0.5952018377687539, 9.829069873318971], [0.6203453336961429, 9.853546905519902], [0.6277513946993247, 9.87170608350691], [0.6222816261138552, 9.88491836350231], [0.62592722807792, 9.89391095099421], [0.6450689658187976, 9.901842317895246], [0.6526237607217658, 9.88850693855563], [0.6618477167141321, 9.889471965242905]]]}}, {"id": "272", "type": "Feature", "properties": {"canton_id": 272}, "geometry": {"type": "Polygon", "coordinates": [[[0.4865864669524444, 9.95787080339912], [0.5364086895339549, 9.952752861404514], [0.5352831237399318, 9.944291473379138], [0.5264409580547893, 9.93982341307824], [0.5157439120707673, 9.922925672488294], [0.5377008778749056, 9.917302998477926], [0.5434604105184458, 9.912502536194216], [0.5465568368533764, 9.898726870577315], [0.5559659927928446, 9.89160579213816], [0.5664277405016118, 9.887331829104712], [0.606029967615132, 9.89474443091484], [0.6223572064789897, 9.885755064729755], [0.6277513946993247, 9.87170608350691], [0.6203453336961429, 9.853546905519902], [0.5952018377687539, 9.829069873318971], [0.5896415676768978, 9.84383364230624], [0.5396009480512515, 9.822849822926479], [0.5193096373469934, 9.851620840240098], [0.4951105076687509, 9.859264334307273], [0.499667070255786, 9.888927958349713], [0.4625922265566026, 9.890338609100244], [0.4711091782230479, 9.91905463188653], [0.43601689201009913, 9.943320357063635], [0.43621708089011674, 9.968891661542829], [0.45337155635885434, 9.969097403987123], [0.45251848381419946, 9.957625479823259], [0.46913351753451, 9.951123589469136], [0.4865864669524444, 9.95787080339912]]]}}, {"id": "273", "type": "Feature", "properties": {"canton_id": 273}, "geometry": {"type": "Polygon", "coordinates": [[[0.6032618121832085, 9.761995341626735], [0.602868265811707, 9.744782557929845], [0.6338767848960979, 9.742863828757924], [0.6777075131634493, 9.76885273665991], [0.6890656696106565, 9.749221218383726], [0.6894191997284617, 9.73538645381298], [0.6795508359415826, 9.693124936450234], [0.7055831437658774, 9.688175228216233], [0.7238998012830072, 9.678388933213961], [0.7006201765310627, 9.658105176684515], [0.6916773250540265, 9.638131175463828], [0.6279440150345367, 9.626386116624778], [0.6192878217659692, 9.651454983372627], [0.5842088903918008, 9.64599535203461], [0.5056374614231486, 9.675539540729025], [0.4617278948899885, 9.669291891737455], [0.4063656624668349, 9.67338757772615], [0.39879142428969244, 9.68216951299987], [0.3957183947117372, 9.693468815706648], [0.40852240667905504, 9.69196755909453], [0.4311438502939641, 9.70161897772698], [0.4624307359050037, 9.702918894398131], [0.48097898009238566, 9.698552143222473], [0.5078255309193266, 9.718897049557846], [0.5166422046502945, 9.738280210039674], [0.5338227415703275, 9.741486406536701], [0.5738054948744583, 9.772026921340181], [0.5809577753827934, 9.774389137258055], [0.6032618121832085, 9.761995341626735]]]}}, {"id": "274", "type": "Feature", "properties": {"canton_id": 274}, "geometry": {"type": "Polygon", "coordinates": [[[0.37857596188417275, 10.026283009245347], [0.3926184825917143, 10.026007644114598], [0.402657152640829, 10.019911672736626], [0.4193913135773881, 10.0287229166283], [0.4270562408074892, 10.027892839515022], [0.432416698705754, 10.012716885689256], [0.4263216665279863, 10.010134500146222], [0.4330631116144984, 9.997591504051398], [0.42912044016532036, 9.981290756662244], [0.4303031596801371, 9.969479533585092], [0.43621708089011674, 9.968891661542829], [0.43601689201009913, 9.943320357063635], [0.4711091782230479, 9.91905463188653], [0.4625922265566026, 9.890338609100244], [0.4267520812754053, 9.88979999457307], [0.42853855311093225, 9.87523656401105], [0.35529267608751397, 9.867909725970112], [0.3512525159636345, 9.901980697587634], [0.354857722409969, 9.92145248844885], [0.36120745883262595, 9.930290012658624], [0.38746259435434727, 9.938897520644748], [0.38672293375369265, 9.95029350024473], [0.36992702221111384, 9.96461156386566], [0.3579315170326995, 9.994646236052578], [0.364611443661162, 10.015216514994504], [0.3616347413125709, 10.031956833638366], [0.36584564583999735, 10.033999113411303], [0.37857596188417275, 10.026283009245347]]]}}, {"id": "275", "type": "Feature", "properties": {"canton_id": 275}, "geometry": {"type": "Polygon", "coordinates": [[[0.8786204177362562, 9.679125356774811], [0.8528972947313804, 9.653221672015832], [0.7965219242261092, 9.658112832946022], [0.7567253282835665, 9.746573903222771], [0.7783955463438755, 9.751854113149824], [0.8598270998830262, 9.753524782171972], [0.8722839617737511, 9.739297008972443], [0.8629489533015451, 9.727558289344087], [0.8643362003901833, 9.716213812463861], [0.876239840003202, 9.699234650246769], [0.8730170683398971, 9.683477895439385], [0.8786204177362562, 9.679125356774811]]]}}, {"id": "276", "type": "Feature", "properties": {"canton_id": 276}, "geometry": {"type": "Polygon", "coordinates": [[[0.7012006834652548, 9.856899866374238], [0.7069820465408927, 9.861089063716408], [0.7480841459368239, 9.846156283889702], [0.7485152327025518, 9.862946169260796], [0.7611211327006545, 9.859886123431114], [0.7612648315061965, 9.87337543072469], [0.7749392912002937, 9.882819633622377], [0.773358704401163, 9.897959236109957], [0.7816926938518589, 9.895591420397954], [0.7936189250360091, 9.900111766676869], [0.8102868721049917, 9.882245605753843], [0.8276484513022889, 9.883171783415461], [0.8364135240700817, 9.89221248220829], [0.8404368110242043, 9.886902867852761], [0.8489863406937354, 9.886113589835416], [0.8416711938183604, 9.877974714126372], [0.8500708385836523, 9.864336763443179], [0.845705840663245, 9.856423583729326], [0.8476712920526704, 9.848490374416771], [0.8369225108667385, 9.847000556400292], [0.8411186349246902, 9.843857525514595], [0.8361084524527609, 9.832976387347573], [0.8403083738268546, 9.82580496046485], [0.8479853957305548, 9.826376414650099], [0.8666022327988254, 9.814867238649175], [0.8586852475718165, 9.79298957403229], [0.86202402201481, 9.779913158556463], [0.8542459798868896, 9.772886742408264], [0.8598270998830262, 9.753524782171972], [0.7783955463438755, 9.751854113149824], [0.7356389817059854, 9.744152481202146], [0.7339673752768876, 9.755800807653362], [0.7419289231907829, 9.762687067813053], [0.7399458130156888, 9.775828175708686], [0.7186841491326548, 9.77962217655363], [0.7199118652795092, 9.809262942112806], [0.7255360532574504, 9.818013200464694], [0.703555440701835, 9.845795544524238], [0.7012006834652548, 9.856899866374238]]]}}, {"id": "277", "type": "Feature", "properties": {"canton_id": 277}, "geometry": {"type": "Polygon", "coordinates": [[[0.7965219242261092, 9.658112832946022], [0.7636405665806318, 9.657124519375056], [0.7055831437658774, 9.688175228216233], [0.6795508359415826, 9.693124936450234], [0.6894191997284617, 9.73538645381298], [0.6890656696106565, 9.749221218383726], [0.6777075131634493, 9.76885273665991], [0.7025892073379048, 9.786083877429803], [0.7399458130156888, 9.775828175708686], [0.7419289231907829, 9.762687067813053], [0.7339673752768876, 9.755800807653362], [0.7356389817059854, 9.744152481202146], [0.7567253282835665, 9.746573903222771], [0.7965219242261092, 9.658112832946022]]]}}, {"id": "278", "type": "Feature", "properties": {"canton_id": 278}, "geometry": {"type": "Polygon", "coordinates": [[[0.6566785255729776, 9.633813002885045], [0.6916773250540265, 9.638131175463828], [0.7006201765310627, 9.658105176684515], [0.7238998012830072, 9.678388933213961], [0.7636405665806318, 9.657124519375056], [0.8528972947313804, 9.653221672015832], [0.844727069202418, 9.63591023749539], [0.8208791864570761, 9.64043103734546], [0.8123428688322887, 9.630018450150178], [0.8042442512204905, 9.603769121887149], [0.7865874491900874, 9.594052967073145], [0.7734658336041605, 9.59251429437191], [0.7596640945633404, 9.600868129895632], [0.73740100974554, 9.587569746810098], [0.7171045050150511, 9.589907372158098], [0.6859149262893889, 9.580048337445024], [0.6553094745789081, 9.59414678720782], [0.6516191835690057, 9.601055978735594], [0.6637977174460739, 9.61032485011053], [0.6658260063104109, 9.61934717381739], [0.6566785255729776, 9.633813002885045]]]}}, {"id": "279", "type": "Feature", "properties": {"canton_id": 279}, "geometry": {"type": "Polygon", "coordinates": [[[0.5056374614231486, 9.675539540729025], [0.5842088903918008, 9.64599535203461], [0.6192878217659692, 9.651454983372627], [0.6279440150345367, 9.626386116624778], [0.6566785255729776, 9.633813002885045], [0.6658260063104109, 9.61934717381739], [0.6637977174460739, 9.61032485011053], [0.6516191835690057, 9.601055978735594], [0.6682412961681437, 9.586186218723423], [0.6584032494700279, 9.573782178591365], [0.6643376624742865, 9.561049880986003], [0.5981560540159843, 9.543990326746313], [0.5795517440690067, 9.543372091653856], [0.560786909001962, 9.580878074054569], [0.5364129687511366, 9.582602081318774], [0.5169422910957184, 9.566936692766971], [0.5004342079281513, 9.603559690586705], [0.48298373542678813, 9.605566470575864], [0.451547011251417, 9.593484530304822], [0.43096782248924803, 9.598784098918447], [0.4062019579046221, 9.62064264944434], [0.43183771417601713, 9.673217766268984], [0.4617278948899885, 9.669291891737455], [0.5056374614231486, 9.675539540729025]]]}}, {"id": "280", "type": "Feature", "properties": {"canton_id": 280}, "geometry": {"type": "Polygon", "coordinates": [[[0.5795517440690067, 9.543372091653856], [0.5981560540159843, 9.543990326746313], [0.6643376624742865, 9.561049880986003], [0.6811546462947188, 9.534196479040009], [0.6852198624228844, 9.505862869383455], [0.6458658659225207, 9.467413684889689], [0.6102915662366851, 9.449258783471276], [0.5566477866249593, 9.412026621967279], [0.5547549065072324, 9.423021717948625], [0.524569198009883, 9.431586314770042], [0.5193175953367075, 9.440024530157915], [0.500041876781789, 9.437920413149213], [0.4945006127322293, 9.451920719208873], [0.5052420315239241, 9.462790276481812], [0.5001534333619237, 9.471905637660837], [0.5028884047324279, 9.474549012257118], [0.4916007594230196, 9.485522541391756], [0.47362415541675523, 9.489261147618274], [0.4737850818353054, 9.514609655526751], [0.48111400001897964, 9.523347199654983], [0.501735166008887, 9.517379601706509], [0.5141460828107501, 9.522116449200393], [0.5551661812290104, 9.523996701231962], [0.561524904068334, 9.533811362089992], [0.5400020500174293, 9.548492551482527], [0.5351569250715373, 9.558058692250432], [0.5169422910957184, 9.566936692766971], [0.5364129687511366, 9.582602081318774], [0.560786909001962, 9.580878074054569], [0.5795517440690067, 9.543372091653856]]]}}, {"id": "281", "type": "Feature", "properties": {"canton_id": 281}, "geometry": {"type": "Polygon", "coordinates": [[[0.3957183947117372, 9.693468815706648], [0.4063656624668349, 9.67338757772615], [0.43183771417601713, 9.673217766268984], [0.4062019579046221, 9.62064264944434], [0.43096782248924803, 9.598784098918447], [0.451547011251417, 9.593484530304822], [0.48298373542678813, 9.605566470575864], [0.5004342079281513, 9.603559690586705], [0.5169422910957184, 9.566936692766971], [0.5351569250715373, 9.558058692250432], [0.5400020500174293, 9.548492551482527], [0.561524904068334, 9.533811362089992], [0.5551661812290104, 9.523996701231962], [0.5141460828107501, 9.522116449200393], [0.501735166008887, 9.517379601706509], [0.48111400001897964, 9.523347199654983], [0.4737850818353054, 9.514609655526751], [0.472126920679264, 9.48925240028778], [0.4490605310935462, 9.499248215451455], [0.43780139499411685, 9.494098021524687], [0.41219586117683177, 9.500248220655836], [0.4151542484355047, 9.496475371314416], [0.40771415606258743, 9.498395405435666], [0.4076742654972782, 9.49390822732748], [0.40175251854745386, 9.496191612991325], [0.3890273573647394, 9.491315142359086], [0.3596450982594155, 9.498921509196492], [0.3436489769015519, 9.48832849461289], [0.3507082321994942, 9.475108395679023], [0.3449392555076484, 9.472259293284926], [0.3387476895780512, 9.451566553246238], [0.3126132563195774, 9.446048078179361], [0.2994924507502843, 9.435721800684878], [0.2685536706547947, 9.424662752080513], [0.2589902937768155, 9.434295832942135], [0.24692887463633822, 9.43788958918778], [0.24722178371167508, 9.444006139524731], [0.22970328147857058, 9.462500664844331], [0.22867259603051032, 9.4853954768798], [0.23751029648536187, 9.486018847366816], [0.2556194353457287, 9.477458842387213], [0.27036737019886303, 9.4789208265723], [0.27541316976531033, 9.48764162748908], [0.28703267607632516, 9.48723869070719], [0.3089190112503397, 9.501690299818781], [0.3109675791049363, 9.508723773889969], [0.30498006547847056, 9.516789115147457], [0.28819054633358127, 9.52451469625941], [0.25576441671741756, 9.519047581076947], [0.2440460910430226, 9.523470367506045], [0.23628905546365392, 9.540181065009103], [0.23932650668585043, 9.57285316102389], [0.24882875857222989, 9.575090683970199], [0.2676318999027428, 9.566746601688202], [0.28970231007419533, 9.576463255152571], [0.3339445547942697, 9.578845377664456], [0.3523590055826752, 9.572319459755931], [0.37776419601386396, 9.582846071716807], [0.38355672727411066, 9.592147277450794], [0.371456116051831, 9.617895823213535], [0.3792208699218094, 9.630486004232072], [0.37946049795040365, 9.644278225931345], [0.3758314638680325, 9.653304406628418], [0.369192602197368, 9.652152829384562], [0.3629480043415159, 9.67354385337687], [0.35109822714156735, 9.675847829230422], [0.3514890654020342, 9.694132607955277], [0.3810610435930147, 9.701769735796734], [0.38527885074344337, 9.701153350799501], [0.3846153831498551, 9.695918067066673], [0.3957183947117372, 9.693468815706648]]]}}, {"id": "282", "type": "Feature", "properties": {"canton_id": 282}, "geometry": {"type": "Polygon", "coordinates": [[[0.5896415676768978, 9.84383364230624], [0.6058550484666303, 9.808647196153753], [0.6032618121832085, 9.761995341626735], [0.5809577753827934, 9.774389137258055], [0.5738054948744583, 9.772026921340181], [0.5338227415703275, 9.741486406536701], [0.5166422046502945, 9.738280210039674], [0.5078255309193266, 9.718897049557846], [0.48097898009238566, 9.698552143222473], [0.4624307359050037, 9.702918894398131], [0.4311438502939641, 9.70161897772698], [0.40852240667905504, 9.69196755909453], [0.3900972074186744, 9.69323345600843], [0.3810610435930147, 9.701769735796734], [0.3514763172091976, 9.69416793064416], [0.3444193932946831, 9.717476763835613], [0.3194739875547629, 9.726858865104962], [0.3297719086308431, 9.758160505101909], [0.3257034576832518, 9.772904526587041], [0.3359065145988685, 9.779716681751898], [0.3310037180101508, 9.795966353743355], [0.3393709866670309, 9.803948418607705], [0.3387905231953153, 9.813597955353842], [0.35128606383414795, 9.827892436473201], [0.3576576735012749, 9.84793643145613], [0.35529267608751397, 9.867909725970112], [0.42853855311093225, 9.87523656401105], [0.4267520812754053, 9.88979999457307], [0.499667070255786, 9.888927958349713], [0.4951105076687509, 9.859264334307273], [0.5193096373469934, 9.851620840240098], [0.5396009480512515, 9.822849822926479], [0.5896415676768978, 9.84383364230624]]]}}, {"id": "283", "type": "Feature", "properties": {"canton_id": 283}, "geometry": {"type": "Polygon", "coordinates": [[[1.2073000824260565, 9.772037422193197], [1.191598210042483, 9.756387047660404], [1.1832167485860114, 9.786423082818871], [1.1623640859909639, 9.78897138066838], [1.160097594223534, 9.83326339626346], [1.1767658671661319, 9.855799795908863], [1.2391092687115883, 9.84871016349415], [1.2073000824260565, 9.772037422193197]]]}}, {"id": "284", "type": "Feature", "properties": {"canton_id": 284}, "geometry": {"type": "Polygon", "coordinates": [[[1.0268457698471751, 9.720086736083097], [1.0579208728632792, 9.757189956729835], [1.1616506784902656, 9.724373706957675], [1.1499843781212213, 9.713465924671059], [1.1516124403842962, 9.707723157536176], [1.1447522358298883, 9.69436860918009], [1.1232401267820316, 9.69456809966937], [1.1049587603028717, 9.674745797605373], [1.0960436623525718, 9.67392894896584], [1.08696500944569, 9.661186234625896], [1.078213468892279, 9.659879266645534], [1.0724063454523978, 9.666414042790647], [1.0638183630708535, 9.658327295793873], [1.055148665069317, 9.668211071839911], [1.0489325847164022, 9.666332317741148], [1.0484419139093537, 9.658899081583979], [1.0389541709449033, 9.65653020828795], [1.0268457698471751, 9.720086736083097]]]}}, {"id": "285", "type": "Feature", "properties": {"canton_id": 285}, "geometry": {"type": "Polygon", "coordinates": [[[1.1135177117886332, 9.784380449600164], [1.1216648735264343, 9.766416729831542], [1.1530581315686257, 9.755460692897547], [1.191598210042483, 9.756387047660404], [1.1726266161762133, 9.744131857385247], [1.1616506784902656, 9.724373706957675], [1.0579208728632792, 9.757189956729835], [1.0570183001681384, 9.785400465056417], [1.0761293679675916, 9.778770996306084], [1.1135177117886332, 9.784380449600164]]]}}, {"id": "286", "type": "Feature", "properties": {"canton_id": 286}, "geometry": {"type": "Polygon", "coordinates": [[[1.092112701344606, 9.833378565439435], [1.1178027321506263, 9.837575715018719], [1.140790455366561, 9.85765968853215], [1.15985121806822, 9.864280748705525], [1.1767658671661319, 9.855799795908863], [1.160097594223534, 9.83326339626346], [1.161418603679706, 9.808878693977913], [1.127533053258561, 9.803695889371708], [1.1083534031901503, 9.816268358315787], [1.1145838987654075, 9.821877679303723], [1.092112701344606, 9.833378565439435]]]}}, {"id": "287", "type": "Feature", "properties": {"canton_id": 287}, "geometry": {"type": "Polygon", "coordinates": [[[1.127533053258561, 9.803695889371708], [1.1135177117886332, 9.784380449600164], [1.0761293679675916, 9.778770996306084], [1.0570183001681384, 9.785400465056417], [1.0748110223341838, 9.814599640640726], [1.0792730408897333, 9.831900233844648], [1.092112701344606, 9.833378565439435], [1.1145838987654075, 9.821877679303723], [1.1083534031901503, 9.816268358315787], [1.127533053258561, 9.803695889371708]]]}}, {"id": "288", "type": "Feature", "properties": {"canton_id": 288}, "geometry": {"type": "Polygon", "coordinates": [[[1.1890320205444092, 9.914271131472242], [1.2137165336260352, 9.91784557877212], [1.239359365063575, 9.90887391998364], [1.2566441174927885, 9.918992422937915], [1.3029323895872602, 9.928107247513793], [1.300626282516157, 9.907728647656084], [1.2795506085402901, 9.87345930148184], [1.2536512185274282, 9.857364366806816], [1.246942004448826, 9.867353182655545], [1.2391092687115883, 9.84871016349415], [1.1767658671661319, 9.855799795908863], [1.2031763134728686, 9.882358623474406], [1.2014195065664515, 9.901791322402142], [1.1890320205444092, 9.914271131472242]]]}}, {"id": "289", "type": "Feature", "properties": {"canton_id": 289}, "geometry": {"type": "Polygon", "coordinates": [[[1.2827722847969474, 10.041356194962127], [1.3335732100112383, 10.011824352687961], [1.3097862294193803, 9.966606472788031], [1.3029323895872602, 9.928107247513793], [1.2566441174927885, 9.918992422937915], [1.239359365063575, 9.90887391998364], [1.2137165336260352, 9.91784557877212], [1.1890320205444092, 9.914271131472242], [1.1708308962383893, 9.93260503905738], [1.1984627564894068, 9.975322534793827], [1.2037403585210282, 9.991723217691073], [1.1924238038233452, 10.007235654049737], [1.2024066314661452, 10.009736022667775], [1.2055822723876415, 10.024211441001293], [1.2189554640576128, 10.041715116001246], [1.226763404349141, 10.040636683267861], [1.2280093829529215, 10.032755889967959], [1.2508815273070262, 10.034661242817469], [1.263167017051575, 10.026238679119006], [1.2827722847969474, 10.041356194962127]]]}}, {"id": "290", "type": "Feature", "properties": {"canton_id": 290}, "geometry": {"type": "Polygon", "coordinates": [[[1.1135177117886332, 9.784380449600164], [1.127533053258561, 9.803695889371708], [1.161418603679706, 9.808878693977913], [1.1623640859909639, 9.78897138066838], [1.1832167485860114, 9.786423082818871], [1.191598210042483, 9.756387047660404], [1.1530581315686257, 9.755460692897547], [1.1216648735264343, 9.766416729831542], [1.1135177117886332, 9.784380449600164]]]}}, {"id": "291", "type": "Feature", "properties": {"canton_id": 291}, "geometry": {"type": "Polygon", "coordinates": [[[1.0268457698471751, 9.720086736083097], [1.0389541709449033, 9.65653020828795], [1.0287664870905524, 9.649802638066777], [1.0065782618372148, 9.649394187059961], [0.9817846459774185, 9.636363496534061], [0.9583442959059209, 9.646461583188064], [0.9466871852734762, 9.641568894274533], [0.9308062089731144, 9.648160277639429], [0.9232647056973825, 9.644642141883038], [0.9169928735223704, 9.66140086280585], [0.903805359815161, 9.66050657844633], [0.9011701101108044, 9.673609041693911], [0.8786204177362562, 9.679125356774811], [0.9169641892076372, 9.728665566837297], [0.9526476814216291, 9.710962722307169], [0.9978307023104727, 9.721185070206896], [1.0268457698471751, 9.720086736083097]]]}}, {"id": "292", "type": "Feature", "properties": {"canton_id": 292}, "geometry": {"type": "Polygon", "coordinates": [[[1.0579208728632792, 9.757189956729835], [1.0268457698471751, 9.720086736083097], [0.9978307023104727, 9.721185070206896], [0.9526476814216291, 9.710962722307169], [0.9169641892076372, 9.728665566837297], [0.8786204177362562, 9.679125356774811], [0.8730170683398971, 9.683477895439385], [0.876239840003202, 9.699234650246769], [0.8643362003901833, 9.716213812463861], [0.8629489533015451, 9.727558289344087], [0.8722839617737511, 9.739297008972443], [0.8598270998830262, 9.753524782171972], [0.9726607088839755, 9.755935331125954], [1.0111895010922431, 9.781683596854656], [1.0570183001681384, 9.785400465056417], [1.0579208728632792, 9.757189956729835]]]}}, {"id": "293", "type": "Feature", "properties": {"canton_id": 293}, "geometry": {"type": "Polygon", "coordinates": [[[0.9667035937477371, 9.867601848921316], [1.0079471337625734, 9.834757176432525], [1.0401884314284262, 9.78403622338646], [1.0111895010922431, 9.781683596854656], [0.9726607088839755, 9.755935331125954], [0.8598270998830262, 9.753524782171972], [0.8542459798868896, 9.772886742408264], [0.86202402201481, 9.779913158556463], [0.8586852475718165, 9.79298957403229], [0.8666022327988254, 9.814867238649175], [0.8369190729377878, 9.830166711298284], [0.8411186349246902, 9.843857525514595], [0.8369225108667385, 9.847000556400292], [0.8476712920526704, 9.848490374416771], [0.845705840663245, 9.856423583729326], [0.8500708385836523, 9.864336763443179], [0.8416711938183604, 9.877974714126372], [0.849425942171925, 9.8829387501501], [0.8566826016141518, 9.879729014449307], [0.8685917023301308, 9.890164738503602], [0.8815141040833545, 9.890103278583606], [0.8851589154887826, 9.874910062697918], [0.8989856695511004, 9.8654502507736], [0.9293302181301962, 9.86517445756669], [0.9362152961846655, 9.861294616097773], [0.9426387744084034, 9.86644211568592], [0.957087590288079, 9.863107388323431], [0.9667035937477371, 9.867601848921316]]]}}, {"id": "294", "type": "Feature", "properties": {"canton_id": 294}, "geometry": {"type": "Polygon", "coordinates": [[[1.05730438745179, 9.863235106035688], [1.0792730408897333, 9.831900233844648], [1.0748110223341838, 9.814599640640726], [1.0570183001681384, 9.785400465056417], [1.0401884314284262, 9.78403622338646], [1.0079471337625734, 9.834757176432525], [0.9667035937477371, 9.867601848921316], [0.986457345875301, 9.884457286983519], [1.0058029164908753, 9.870157011781371], [1.0120535290534372, 9.858333550755964], [1.0400993569781378, 9.851779939944057], [1.05730438745179, 9.863235106035688]]]}}, {"id": "295", "type": "Feature", "properties": {"canton_id": 295}, "geometry": {"type": "Polygon", "coordinates": [[[1.1708308962383893, 9.93260503905738], [1.1461035979503684, 9.925101780329255], [1.1264577696951603, 9.895318984277267], [1.1205736404293942, 9.895695424384972], [1.1128410041325132, 9.876415567376252], [1.1207816527927235, 9.872699624267883], [1.113042307150943, 9.854647672382479], [1.1178027321506263, 9.837575715018719], [1.0792730408897333, 9.831900233844648], [1.05730438745179, 9.863235106035688], [1.1005652793563896, 9.944972277641405], [1.0988955368974491, 9.957172256131072], [1.1082568370532053, 9.982528643022519], [1.10578162102197, 9.999189693737083], [1.1116088896251068, 9.997172633326464], [1.1127452121333667, 9.99094404296407], [1.1243666690370855, 9.988695511035562], [1.1311308385849588, 9.991089580471947], [1.1342509241512806, 10.002291263027466], [1.149866833272807, 10.004531077494464], [1.156013534446757, 9.979644355373486], [1.1782199562841145, 10.00341968847078], [1.188270637708348, 9.998857130042703], [1.1924238038233452, 10.007235654049737], [1.2037403585210282, 9.991723217691073], [1.1984627564894068, 9.975322534793827], [1.1708308962383893, 9.93260503905738]]]}}, {"id": "296", "type": "Feature", "properties": {"canton_id": 296}, "geometry": {"type": "Polygon", "coordinates": [[[1.1708308962383893, 9.93260503905738], [1.2014195065664515, 9.901791322402142], [1.2031763134728686, 9.882358623474406], [1.1767658671661319, 9.855799795908863], [1.15985121806822, 9.864280748705525], [1.140790455366561, 9.85765968853215], [1.1178027321506263, 9.837575715018719], [1.113042307150943, 9.854647672382479], [1.1207816527927235, 9.872699624267883], [1.1128410041325132, 9.876415567376252], [1.1205736404293942, 9.895695424384972], [1.1264577696951603, 9.895318984277267], [1.1461035979503684, 9.925101780329255], [1.1708308962383893, 9.93260503905738]]]}}, {"id": "297", "type": "Feature", "properties": {"canton_id": 297}, "geometry": {"type": "Polygon", "coordinates": [[[1.0481752125734012, 10.0876334551451], [1.060437492250737, 10.072726237887085], [1.0738423541803592, 10.069879467952857], [1.077536070774053, 10.06027658318737], [1.1329684929045039, 10.02001423462638], [1.1373654520655014, 10.00416511391248], [1.1315098450110153, 9.999802594154145], [1.1311308385849588, 9.991089580471947], [1.1243666690370855, 9.988695511035562], [1.1127452121333667, 9.99094404296407], [1.1116088896251068, 9.997172633326464], [1.10578162102197, 9.999189693737083], [1.1082568370532053, 9.982528643022519], [1.0988955368974491, 9.957172256131072], [1.101097403309873, 9.947806546196677], [1.0958313489081917, 9.93217846429315], [1.05730438745179, 9.863235106035688], [1.0454796268635151, 9.853610406363309], [1.0341658355959675, 9.851720270379342], [1.0084437094854481, 9.860104433981487], [1.0058029164908753, 9.870157011781371], [0.986457345875301, 9.884457286983519], [1.0041897448942287, 9.92137955281086], [1.0339978632540403, 9.936634415811138], [1.0202651335140336, 9.970512375813215], [1.0481752125734012, 10.0876334551451]]]}}, {"id": "298", "type": "Feature", "properties": {"canton_id": 298}, "geometry": {"type": "Polygon", "coordinates": [[[0.9675224692601594, 10.156617894442373], [1.0062410886415667, 10.138647914621806], [1.0371055799512172, 10.132084801959573], [1.041703805688533, 10.10605564497387], [1.0542810313955375, 10.084872832005505], [1.0481752125734012, 10.0876334551451], [1.0202651335140336, 9.970512375813215], [1.0339978632540403, 9.936634415811138], [1.0041897448942287, 9.92137955281086], [0.958698199675931, 9.934880957243905], [0.9533306629783208, 9.95278804636664], [0.9225801703171234, 9.964536654565425], [0.8746600696025322, 10.005836357213951], [0.8177930919447581, 10.0126941967949], [0.8178288912049575, 10.043679889902915], [0.8124804756698222, 10.066814810241588], [0.7751806322645997, 10.101416395008885], [0.7543207980986576, 10.132366533495473], [0.7483635818463283, 10.133649709798183], [0.7423629747719808, 10.148698081039505], [0.7452103344077287, 10.156021925590595], [0.7376818860191734, 10.161075387630275], [0.7405204690797983, 10.1651428871675], [0.7497118185888978, 10.162131225366352], [0.7596636040856475, 10.178192974646693], [0.783016572815947, 10.170596666311358], [0.7830782253212845, 10.179594381267831], [0.7927663441258306, 10.182059469653643], [0.7956667029010775, 10.174972260399812], [0.8037503837941645, 10.1712129666652], [0.8053887057878005, 10.159992684039153], [0.8177303268215546, 10.158143867157882], [0.8243947869320557, 10.16689506122772], [0.839081279559131, 10.168250833268274], [0.8479671845718978, 10.181316017729408], [0.8586489911978475, 10.184603672532926], [0.8673137979817843, 10.179197615611512], [0.8713211015559164, 10.16000361787047], [0.8789380513670515, 10.15552558439132], [0.8828427455513851, 10.138636996038159], [0.9234035416763988, 10.132574532244387], [0.9602337154714367, 10.143739958246398], [0.9675224692601594, 10.156617894442373]]]}}, {"id": "299", "type": "Feature", "properties": {"canton_id": 299}, "geometry": {"type": "Polygon", "coordinates": [[[0.9602337154714367, 10.143739958246398], [0.9234035416763988, 10.132574532244387], [0.8828427455513851, 10.138636996038159], [0.8789380513670515, 10.15552558439132], [0.8713211015559164, 10.16000361787047], [0.8673137979817843, 10.179197615611512], [0.8586489911978475, 10.184603672532926], [0.8715999588391508, 10.22300172110553], [0.9213390884469288, 10.276233082541491], [0.99551713911534, 10.222106883496746], [0.9718375639837175, 10.193538170352667], [0.9611877681055602, 10.159557261766281], [0.9675224692601594, 10.156617894442373], [0.9602337154714367, 10.143739958246398]]]}}, {"id": "300", "type": "Feature", "properties": {"canton_id": 300}, "geometry": {"type": "Polygon", "coordinates": [[[0.7971933689364116, 10.013267647890508], [0.816780794353943, 9.983731636934731], [0.8100705735936717, 9.947128365250457], [0.816649119833623, 9.934218895911107], [0.8043661662200431, 9.927662376555658], [0.8030207562076362, 9.90822497222881], [0.7936189250360091, 9.900111766676869], [0.7723528816856389, 9.89709821642499], [0.7749392912002937, 9.882819633622377], [0.7612648315061965, 9.87337543072469], [0.7611211327006545, 9.859886123431114], [0.7485152327025518, 9.862946169260796], [0.7499520978402181, 9.847591317167911], [0.725884129018573, 9.851968176733683], [0.7069820465408927, 9.861089063716408], [0.7012006834652548, 9.856899866374238], [0.6810414547840467, 9.861112116606664], [0.6762486220832999, 9.870920244545626], [0.6814122419478199, 9.896534759494365], [0.6742991929605073, 9.899731479445592], [0.6618477167141321, 9.889471965242905], [0.6572011190362949, 9.954513305005086], [0.6757440787236502, 9.980795649624637], [0.694423626477254, 9.985591679254716], [0.6961873885712604, 10.024803148532278], [0.7136515785127789, 10.025028203165409], [0.7559290715265179, 10.037433071524699], [0.7971933689364116, 10.013267647890508]]]}}, {"id": "301", "type": "Feature", "properties": {"canton_id": 301}, "geometry": {"type": "Polygon", "coordinates": [[[0.7423629747719808, 10.148698081039505], [0.7483635818463283, 10.133649709798183], [0.7571871656320014, 10.129268404125034], [0.7751806322645997, 10.101416395008885], [0.8124804756698222, 10.066814810241588], [0.8178288912049575, 10.043679889902915], [0.8178419884003689, 10.012757768363084], [0.8069358599682216, 9.998577853316778], [0.7971933689364116, 10.013267647890508], [0.7559290715265179, 10.037433071524699], [0.7136515785127789, 10.025028203165409], [0.684760473829183, 10.02858741839682], [0.6901489840967523, 10.071311631791572], [0.7423629747719808, 10.148698081039505]]]}}, {"id": "302", "type": "Feature", "properties": {"canton_id": 302}, "geometry": {"type": "Polygon", "coordinates": [[[0.8177930919447581, 10.0126941967949], [0.8746600696025322, 10.005836357213951], [0.9225801703171234, 9.964536654565425], [0.9533306629783208, 9.95278804636664], [0.958698199675931, 9.934880957243905], [1.0041897448942287, 9.92137955281086], [0.986457345875301, 9.884457286983519], [0.9600108459930861, 9.863529945125697], [0.9426387744084034, 9.86644211568592], [0.9362152961846655, 9.861294616097773], [0.9293302181301962, 9.86517445756669], [0.8989856695511004, 9.8654502507736], [0.8851589154887826, 9.874910062697918], [0.8815141040833545, 9.890103278583606], [0.8685917023301308, 9.890164738503602], [0.8566826016141518, 9.879729014449307], [0.8404368110242043, 9.886902867852761], [0.8387844007190473, 9.892140735388304], [0.8276484513022889, 9.883171783415461], [0.8080596884968589, 9.882819620803335], [0.7936189250360091, 9.900111766676869], [0.8030207562076362, 9.90822497222881], [0.8043661662200431, 9.927662376555658], [0.816649119833623, 9.934218895911107], [0.8100705735936717, 9.947128365250457], [0.816780794353943, 9.983731636934731], [0.8069358599682216, 9.998577853316778], [0.8177930919447581, 10.0126941967949]]]}}, {"id": "303", "type": "Feature", "properties": {"canton_id": 303}, "geometry": {"type": "Polygon", "coordinates": [[[1.129098989338336, 10.129197881235893], [1.1075525634032102, 10.122356170393344], [1.1033445137005469, 10.111780240068606], [1.1066300208114086, 10.104355492894957], [1.0776866817706996, 10.097116516038408], [1.060437492250737, 10.072726237887085], [1.041703805688533, 10.10605564497387], [1.0371055799512172, 10.132084801959573], [1.0062410886415667, 10.138647914621806], [0.9611877681055602, 10.159557261766281], [0.9718375639837175, 10.193538170352667], [0.9957089562230496, 10.221966877997652], [1.0894097467179642, 10.151123558994373], [1.129098989338336, 10.129197881235893]]]}}, {"id": "304", "type": "Feature", "properties": {"canton_id": 304}, "geometry": {"type": "Polygon", "coordinates": [[[1.1666909470731535, 10.075419938882005], [1.1714061302235468, 10.053325900421724], [1.150765920384838, 10.03642518884073], [1.1397939131651023, 10.017538419566526], [1.1247659442036548, 10.02298933106772], [1.1218831180267994, 10.029398171689559], [1.077536070774053, 10.06027658318737], [1.0738423541803592, 10.069879467952857], [1.060437492250737, 10.072726237887085], [1.0776866817706996, 10.097116516038408], [1.1066300208114086, 10.104355492894957], [1.1033445137005469, 10.111780240068606], [1.1075525634032102, 10.122356170393344], [1.129098989338336, 10.129197881235893], [1.1405862345992788, 10.122664381267304], [1.1251326342623478, 10.11032704691106], [1.1411204659513103, 10.103828828647188], [1.139746171112362, 10.095035920607717], [1.1666909470731535, 10.075419938882005]]]}}, {"id": "305", "type": "Feature", "properties": {"canton_id": 305}, "geometry": {"type": "Polygon", "coordinates": [[[1.1405862345992788, 10.122664381267304], [1.2827722847969474, 10.041356194962127], [1.263167017051575, 10.026238679119006], [1.2508815273070262, 10.034661242817469], [1.2280093829529215, 10.032755889967959], [1.226763404349141, 10.040636683267861], [1.2189554640576128, 10.041715116001246], [1.2055822723876415, 10.024211441001293], [1.2024066314661452, 10.009736022667775], [1.1924238038233452, 10.007235654049737], [1.188270637708348, 9.998857130042703], [1.1782199562841145, 10.00341968847078], [1.1546845162743526, 9.979976177610476], [1.1536877479385148, 10.000715116571563], [1.149866833272807, 10.004531077494464], [1.136688069662334, 10.00253880023933], [1.1329684929045039, 10.02001423462638], [1.1397939131651023, 10.017538419566526], [1.150765920384838, 10.03642518884073], [1.1714061302235468, 10.053325900421724], [1.1666909470731535, 10.075419938882005], [1.139746171112362, 10.095035920607717], [1.1411204659513103, 10.103828828647188], [1.1251326342623478, 10.11032704691106], [1.1405862345992788, 10.122664381267304]]]}}, {"id": "306", "type": "Feature", "properties": {"canton_id": 306}, "geometry": {"type": "Polygon", "coordinates": [[[1.2481006954305862, 9.705621001006778], [1.2612706157971278, 9.692795498237404], [1.2744990650634995, 9.69300744561238], [1.2942569872954868, 9.67998847849802], [1.296567381918517, 9.672591402294085], [1.292145775966012, 9.658695480797341], [1.262985459469598, 9.651711508179663], [1.2165385342722466, 9.670826559099714], [1.211120816975283, 9.68719657836768], [1.224867509994858, 9.687626976803303], [1.2481006954305862, 9.705621001006778]]]}}, {"id": "307", "type": "Feature", "properties": {"canton_id": 307}, "geometry": {"type": "Polygon", "coordinates": [[[1.292145775966012, 9.658695480797341], [1.2883926421064007, 9.646491041093197], [1.2950060372565935, 9.6216808677246], [1.2919160649692627, 9.61544786614443], [1.2477553259583163, 9.620447608937686], [1.2287828555459572, 9.634662409717933], [1.2328197243170993, 9.663612127136087], [1.262985459469598, 9.651711508179663], [1.292145775966012, 9.658695480797341]]]}}, {"id": "308", "type": "Feature", "properties": {"canton_id": 308}, "geometry": {"type": "Polygon", "coordinates": [[[1.2919160649692627, 9.61544786614443], [1.274410788134764, 9.598821530223985], [1.273903675134899, 9.58521820641204], [1.2631740464388963, 9.560607859042932], [1.2404181903443743, 9.565684096437177], [1.2026830944597728, 9.600158661513076], [1.2060969456748218, 9.605815506682944], [1.2263303046649445, 9.613780549431494], [1.2200083102474202, 9.629084871228516], [1.1880879726589508, 9.657199508684094], [1.211120816975283, 9.68719657836768], [1.2165385342722466, 9.670826559099714], [1.2328197243170993, 9.663612127136087], [1.2287828555459572, 9.634662409717933], [1.2477553259583163, 9.620447608937686], [1.2919160649692627, 9.61544786614443]]]}}, {"id": "309", "type": "Feature", "properties": {"canton_id": 309}, "geometry": {"type": "Polygon", "coordinates": [[[1.2026830944597728, 9.600158661513076], [1.2404181903443743, 9.565684096437177], [1.2631740464388963, 9.560607859042932], [1.254599921037509, 9.554542471478127], [1.2543600962051757, 9.5342919503286], [1.2271442301812594, 9.492895988395356], [1.2087155422171676, 9.491913866615551], [1.1143782854286801, 9.517989241040631], [1.1147746120330893, 9.539863397907407], [1.133625724987214, 9.576339890544194], [1.1567829032168095, 9.574926245985463], [1.1934442526629012, 9.601221285022511], [1.2026830944597728, 9.600158661513076]]]}}, {"id": "310", "type": "Feature", "properties": {"canton_id": 310}, "geometry": {"type": "Polygon", "coordinates": [[[1.191598210042483, 9.756387047660404], [1.2267184709027747, 9.713701882275947], [1.2481006954305862, 9.705621001006778], [1.224867509994858, 9.687626976803303], [1.1790631731559442, 9.686190746563433], [1.1447522358298883, 9.69436860918009], [1.1516124403842962, 9.707723157536176], [1.1499843781212213, 9.713465924671059], [1.168290476536791, 9.731410883418135], [1.1726266161762133, 9.744131857385247], [1.191598210042483, 9.756387047660404]]]}}, {"id": "311", "type": "Feature", "properties": {"canton_id": 311}, "geometry": {"type": "Polygon", "coordinates": [[[1.1880879726589508, 9.657199508684094], [1.1681152866818003, 9.648592528689418], [1.1621943111500608, 9.660778786550013], [1.1805183541025686, 9.671812521137015], [1.1790631731559442, 9.686190746563433], [1.211120816975283, 9.68719657836768], [1.1880879726589508, 9.657199508684094]]]}}, {"id": "312", "type": "Feature", "properties": {"canton_id": 312}, "geometry": {"type": "Polygon", "coordinates": [[[1.1621943111500608, 9.660778786550013], [1.1668892470941152, 9.644442191784835], [1.1391030520509218, 9.640064037738632], [1.1232670493015866, 9.646770452311541], [1.1176152912930362, 9.656735757417009], [1.0908091856740587, 9.665025410996522], [1.09146341396335, 9.668864530341137], [1.1088649666346333, 9.677727630949033], [1.1232401267820316, 9.69456809966937], [1.1343460870866935, 9.69612300129461], [1.1790631731559442, 9.686190746563433], [1.1805183541025686, 9.671812521137015], [1.1621943111500608, 9.660778786550013]]]}}, {"id": "313", "type": "Feature", "properties": {"canton_id": 313}, "geometry": {"type": "Polygon", "coordinates": [[[1.1391030520509218, 9.640064037738632], [1.1678216443699556, 9.639192621981696], [1.1643719032733701, 9.624329174658483], [1.147993054432051, 9.612344353778397], [1.1016558563981496, 9.600601730124742], [1.0918040793865018, 9.607382434417916], [1.098265854501932, 9.621856786352605], [1.0908091856740587, 9.665025410996522], [1.1176152912930362, 9.656735757417009], [1.1232670493015866, 9.646770452311541], [1.1391030520509218, 9.640064037738632]]]}}, {"id": "314", "type": "Feature", "properties": {"canton_id": 314}, "geometry": {"type": "Polygon", "coordinates": [[[1.2060969456748218, 9.605815506682944], [1.2026830944597728, 9.600158661513076], [1.1934442526629012, 9.601221285022511], [1.1693290724941778, 9.587039694672528], [1.152403790924198, 9.616575827603707], [1.1643719032733701, 9.624329174658483], [1.1678216443699556, 9.639192621981696], [1.1589232866664516, 9.642281943962224], [1.1880879726589508, 9.657199508684094], [1.2019588572387983, 9.647574718783872], [1.210773509557163, 9.633309183126961], [1.2200083102474202, 9.629084871228516], [1.2263303046649445, 9.613780549431494], [1.2060969456748218, 9.605815506682944]]]}}, {"id": "315", "type": "Feature", "properties": {"canton_id": 315}, "geometry": {"type": "Polygon", "coordinates": [[[1.055148665069317, 9.668211071839911], [1.066026708445585, 9.658572355232739], [1.0724063454523978, 9.666414042790647], [1.0809943301431189, 9.65963426356388], [1.0908091856740587, 9.665025410996522], [1.098265854501932, 9.621856786352605], [1.0918040793865018, 9.607382434417916], [1.0465310004737782, 9.602174466495464], [1.0408018722532126, 9.59547823833191], [1.009958313712564, 9.597839547710347], [0.9985010205654233, 9.606538297108564], [0.9896518364293231, 9.603947906830774], [0.9672106987094409, 9.61340825146541], [0.9470510764726713, 9.632554456639408], [0.9312813367252624, 9.622426974304586], [0.9171769580589979, 9.642771217742386], [0.9201705874515288, 9.647389786037488], [0.9251003539065608, 9.644443942120098], [0.9308062089731144, 9.648160277639429], [0.9466871852734762, 9.641568894274533], [0.9583442959059209, 9.646461583188064], [0.9817846459774185, 9.636363496534061], [1.0065782618372148, 9.649394187059961], [1.0316294501536278, 9.650925936676638], [1.0484419139093537, 9.658899081583979], [1.0504865728460469, 9.667067496782533], [1.055148665069317, 9.668211071839911]]]}}, {"id": "316", "type": "Feature", "properties": {"canton_id": 316}, "geometry": {"type": "Polygon", "coordinates": [[[1.1693290724941778, 9.587039694672528], [1.1567829032168095, 9.574926245985463], [1.1347428833520221, 9.575491953009353], [1.1016558563981496, 9.600601730124742], [1.152403790924198, 9.616575827603707], [1.1693290724941778, 9.587039694672528]]]}}, {"id": "317", "type": "Feature", "properties": {"canton_id": 317}, "geometry": {"type": "Polygon", "coordinates": [[[1.2087155422171676, 9.491913866615551], [1.2334958443617083, 9.49312926602426], [1.2283841129905242, 9.466188894208674], [1.2481520455390094, 9.45424059223941], [1.2506612531091097, 9.440084461391463], [1.209374505231275, 9.436056478042806], [1.1756971275685768, 9.402207186003444], [1.1577428642502978, 9.397309195876737], [1.1388716905532947, 9.476768362055013], [1.1570669612121365, 9.485921148868561], [1.1666554686169222, 9.49536991071583], [1.1667903138494014, 9.502376704551583], [1.2087155422171676, 9.491913866615551]]]}}, {"id": "318", "type": "Feature", "properties": {"canton_id": 318}, "geometry": {"type": "Polygon", "coordinates": [[[1.2640787419015371, 9.52458587494393], [1.2717784905536351, 9.531853694111355], [1.2779347481169698, 9.520716516186162], [1.289365494319176, 9.52546710996638], [1.313093212011394, 9.517944895183389], [1.3262029268257116, 9.493661399384006], [1.3402491708754185, 9.485856497291975], [1.344474593009645, 9.48927939550752], [1.3620219672719212, 9.482360937567709], [1.368569834332661, 9.492423973540147], [1.3781911584278477, 9.489358804757604], [1.387122474071731, 9.499197269903613], [1.400095069583033, 9.424058657126706], [1.3703046247274497, 9.439655227363383], [1.3642373246299737, 9.460681026475438], [1.3313485866167614, 9.462185329537368], [1.30977069321164, 9.442178168011711], [1.2765821680541265, 9.43606190947538], [1.2506612531091097, 9.440084461391463], [1.2481520455390094, 9.45424059223941], [1.2283841129905242, 9.466188894208674], [1.2334958443617083, 9.49312926602426], [1.2271442301812594, 9.492895988395356], [1.2543600962051757, 9.5342919503286], [1.2640787419015371, 9.52458587494393]]]}}, {"id": "319", "type": "Feature", "properties": {"canton_id": 319}, "geometry": {"type": "Polygon", "coordinates": [[[1.133625724987214, 9.576339890544194], [1.1147746120330893, 9.539863397907407], [1.1143782854286801, 9.517989241040631], [1.0939540069944502, 9.507284120976191], [1.0665692688364592, 9.48348935922392], [1.0501567486461343, 9.464004660999487], [1.031428471578646, 9.421626421323635], [0.9689696671909614, 9.43150361051724], [0.9732502606228166, 9.462429522628774], [0.9869245800353443, 9.477858318690544], [0.9845193975712881, 9.521414412018014], [0.9934368300449438, 9.535460712866167], [0.9913089025652021, 9.550283308503555], [1.009046251958417, 9.58421301886414], [1.0115022000353133, 9.597638363307937], [1.0408018722532126, 9.59547823833191], [1.0465310004737782, 9.602174466495464], [1.0918040793865018, 9.607382434417916], [1.133625724987214, 9.576339890544194]]]}}, {"id": "320", "type": "Feature", "properties": {"canton_id": 320}, "geometry": {"type": "Polygon", "coordinates": [[[1.1143782854286801, 9.517989241040631], [1.1667903138494014, 9.502376704551583], [1.1666554686169222, 9.49536991071583], [1.1570669612121365, 9.485921148868561], [1.1388716905532947, 9.476768362055013], [1.1577428642502978, 9.397309195876737], [1.1009497717410213, 9.375278532245252], [1.0856220062286048, 9.375364816181586], [1.031428471578646, 9.421626421323635], [1.0501567486461343, 9.464004660999487], [1.0665692688364592, 9.48348935922392], [1.0939540069944502, 9.507284120976191], [1.1143782854286801, 9.517989241040631]]]}}, {"id": "321", "type": "Feature", "properties": {"canton_id": 321}, "geometry": {"type": "Polygon", "coordinates": [[[-0.1356292373243983, 11.137688780410437], [-0.08542256919758154, 11.12724713365874], [-0.1046533375183535, 11.105920291976041], [-0.10691574237827443, 11.095040930847276], [-0.1256756262081535, 11.10506258544886], [-0.14341662918426099, 11.105853938267169], [-0.14421920936295984, 11.118362561946581], [-0.13520955647658167, 11.128227912493749], [-0.1356292373243983, 11.137688780410437]]]}}, {"id": "322", "type": "Feature", "properties": {"canton_id": 322}, "geometry": {"type": "Polygon", "coordinates": [[[-0.1046533375183535, 11.105920291976041], [-0.09349367820355321, 11.100881854406305], [-0.06745339990692917, 11.105565639507603], [-0.04570840485714262, 11.097768960022654], [-0.05432101260570644, 11.085532610354123], [-0.08138633729175503, 11.08379831714154], [-0.10324220409351886, 11.08976252093381], [-0.10691574237827443, 11.095040930847276], [-0.1046533375183535, 11.105920291976041]]]}}, {"id": "323", "type": "Feature", "properties": {"canton_id": 323}, "geometry": {"type": "Polygon", "coordinates": [[[0.09643590166377208, 11.09392382190386], [0.061912516922850554, 11.05154256470099], [0.05174301873626202, 11.060115007125908], [0.019522780044519968, 11.062986760355779], [-0.0003588753087058981, 11.078808170608452], [0.0013359415837759514, 11.091807157133818], [-0.015058353290873242, 11.109461751221259], [-0.027616363592698156, 11.110837799934803], [-0.04571608022484302, 11.099289578070646], [-0.05575389362082813, 11.098764196607334], [-0.06745339990692917, 11.105565639507603], [-0.09349367820355321, 11.100881854406305], [-0.1046533375183535, 11.105920291976041], [-0.08540749902387046, 11.127279657247396], [0.09643590166377208, 11.09392382190386]]]}}, {"id": "324", "type": "Feature", "properties": {"canton_id": 324}, "geometry": {"type": "Polygon", "coordinates": [[[0.0825366446773322, 11.035900590608877], [0.07884874025583036, 11.0079542756029], [0.02816276403783809, 11.002155814508457], [0.019522780044519968, 11.062986760355779], [0.05174301873626202, 11.060115007125908], [0.06970829531391615, 11.049417379948922], [0.0825366446773322, 11.035900590608877]]]}}, {"id": "325", "type": "Feature", "properties": {"canton_id": 325}, "geometry": {"type": "Polygon", "coordinates": [[[0.15538557549722273, 11.051278753144], [0.17627186048333576, 11.04184498648706], [0.20700969168966404, 11.037115145998236], [0.21468610806817034, 11.02087942800596], [0.20771140334673047, 11.011154021094733], [0.20978291114552888, 10.996856959496277], [0.18140096190566543, 10.987975172764738], [0.17291360431903782, 10.97979421915363], [0.14625063087493825, 10.993178388928483], [0.15767612796503314, 11.01220941264948], [0.15415107005745102, 11.025492821670426], [0.1598501850083471, 11.032314051310085], [0.13339331666877832, 11.032288298136296], [0.15538557549722273, 11.051278753144]]]}}, {"id": "326", "type": "Feature", "properties": {"canton_id": 326}, "geometry": {"type": "Polygon", "coordinates": [[[0.1060052769322386, 11.047417028071822], [0.13339331666877832, 11.032288298136296], [0.1598501850083471, 11.032314051310085], [0.15415107005745102, 11.025492821670426], [0.15767612796503314, 11.01220941264948], [0.13526256831250988, 10.97979868681924], [0.12006922098154342, 11.000643682369503], [0.10251722743682684, 10.998730342503254], [0.08606115163108453, 11.00860623022924], [0.07884874025583036, 11.0079542756029], [0.0825366446773322, 11.035900590608877], [0.06970829531391615, 11.049417379948922], [0.061912516922850554, 11.05154256470099], [0.07717362389697487, 11.070374912125851], [0.085919447393755, 11.060246026993756], [0.10161223732338283, 11.05518130595811], [0.1060052769322386, 11.047417028071822]]]}}, {"id": "327", "type": "Feature", "properties": {"canton_id": 327}, "geometry": {"type": "Polygon", "coordinates": [[[0.17493434107985145, 11.052921959827229], [0.18763395527501397, 11.04257131105776], [0.17627186048333576, 11.04184498648706], [0.15538557549722273, 11.051278753144], [0.13339331666877832, 11.032288298136296], [0.1060052769322386, 11.047417028071822], [0.10161223732338283, 11.05518130595811], [0.085919447393755, 11.060246026993756], [0.07717362389697487, 11.070374912125851], [0.09644327837975582, 11.093938196064965], [0.17813274133743023, 11.07679203006894], [0.17493434107985145, 11.052921959827229]]]}}, {"id": "328", "type": "Feature", "properties": {"canton_id": 328}, "geometry": {"type": "Polygon", "coordinates": [[[0.8737802069797399, 10.805035765217125], [0.806579312212138, 10.729225456901744], [0.7735749634881985, 10.732086193835434], [0.6909110496823857, 10.72382023393704], [0.6934237101438354, 10.756693717900164], [0.7150432702400005, 10.761135891368669], [0.72714983381151, 10.752451455440735], [0.744072230658644, 10.749441514484406], [0.748062514936657, 10.752603876144963], [0.738876422162437, 10.76632395078594], [0.7419969097774023, 10.772822346251576], [0.7632241418387075, 10.787807836068815], [0.7759800698135272, 10.77703716377189], [0.7835120919697165, 10.787118229672194], [0.8079696556072428, 10.794186152540131], [0.8122506585230331, 10.81573325938995], [0.8222815074183553, 10.816587568953162], [0.8432613147452608, 10.83031367954558], [0.8737802069797399, 10.805035765217125]]]}}, {"id": "329", "type": "Feature", "properties": {"canton_id": 329}, "geometry": {"type": "Polygon", "coordinates": [[[0.8128621788623795, 10.99993495001168], [0.7924827682017437, 10.949978859923098], [0.7512536967488069, 10.940421263664225], [0.7004955341725706, 10.916439264591181], [0.6877313940574974, 10.851798120626242], [0.5821146573477961, 10.873544141691708], [0.5657694913400281, 10.888288552615526], [0.5888051515655782, 10.906964622757526], [0.5683103418848588, 10.937188645859274], [0.565638388329677, 10.960320901133642], [0.6640755661702173, 10.999942317836608], [0.8128621788623795, 10.99993495001168]]]}}, {"id": "330", "type": "Feature", "properties": {"canton_id": 330}, "geometry": {"type": "Polygon", "coordinates": [[[0.8808012472155758, 10.854189948998732], [0.873778993391507, 10.805037257222882], [0.8432613147452608, 10.83031367954558], [0.8222815074183553, 10.816587568953162], [0.8122506585230331, 10.81573325938995], [0.8113274262680485, 10.7973434461748], [0.7900477417382652, 10.789045054273652], [0.7764695454037036, 10.796676941954427], [0.7662876086479873, 10.830653402130142], [0.748972208407522, 10.829065207476303], [0.7252601263672253, 10.835157848488437], [0.7128254936212564, 10.830888059896603], [0.6877313940574974, 10.851798120626242], [0.7004955341725706, 10.916439264591181], [0.7512536967488069, 10.940421263664225], [0.7924827682017437, 10.949978859923098], [0.8128621788623795, 10.99993495001168], [0.9138054750129753, 10.999888409611295], [0.8880123870022536, 10.911119780787914], [0.8995971357775001, 10.885211979917095], [0.8808012472155758, 10.854189948998732]]]}}, {"id": "331", "type": "Feature", "properties": {"canton_id": 331}, "geometry": {"type": "Polygon", "coordinates": [[[0.6877313940574974, 10.851798120626242], [0.7128254936212564, 10.830888059896603], [0.7252601263672253, 10.835157848488437], [0.748972208407522, 10.829065207476303], [0.7662876086479873, 10.830653402130142], [0.7764695454037036, 10.796676941954427], [0.7900477417382652, 10.789045054273652], [0.7759800698135272, 10.77703716377189], [0.7632241418387075, 10.787807836068815], [0.7419969097774023, 10.772822346251576], [0.738876422162437, 10.76632395078594], [0.748062514936657, 10.752603876144963], [0.744072230658644, 10.749441514484406], [0.72714983381151, 10.752451455440735], [0.7150432702400005, 10.761135891368669], [0.6934237101438354, 10.756693717900164], [0.6909110496823857, 10.72382023393704], [0.6406309857224274, 10.71564356512113], [0.5569484271196897, 10.684770372063161], [0.519941579789099, 10.693908927364436], [0.5362612248515732, 10.736525750045283], [0.5352357036608513, 10.783399158655607], [0.5185240174656026, 10.84997332883034], [0.5657694913400281, 10.888288552615526], [0.5821146573477961, 10.873544141691708], [0.6877313940574974, 10.851798120626242]]]}}, {"id": "332", "type": "Feature", "properties": {"canton_id": 332}, "geometry": {"type": "Polygon", "coordinates": [[[0.3445127973377256, 10.834845108411638], [0.3451505050295347, 10.831404481943213], [0.36070052782288026, 10.835117490197215], [0.3920762701483727, 10.821576213765836], [0.4039017116195183, 10.831349816001804], [0.45039699370888825, 10.835721367716427], [0.42867449844090166, 10.806511196566351], [0.39620889202055787, 10.793277425630246], [0.37315657239939, 10.772516495984474], [0.3710594587491529, 10.765153723247145], [0.38128159362547753, 10.754422996708959], [0.4105367315400213, 10.74866714482103], [0.42500560060405684, 10.734898548099416], [0.4320850289022677, 10.689669174544658], [0.38174791873739566, 10.690853947704541], [0.35693826860083605, 10.700736374274161], [0.34575608953907033, 10.699103369021627], [0.34079584143126185, 10.692161892352306], [0.32489077675872796, 10.700691795097553], [0.32596357770054757, 10.722012173436548], [0.35031207898484346, 10.757466574151849], [0.3500798061720165, 10.782148554665534], [0.34267932452388095, 10.783965207539357], [0.31685394566606934, 10.76355352776443], [0.3082987703769061, 10.770340942619931], [0.3077767546241008, 10.777498476000401], [0.32503804544883436, 10.819209669334287], [0.3445127973377256, 10.834845108411638]]]}}, {"id": "333", "type": "Feature", "properties": {"canton_id": 333}, "geometry": {"type": "Polygon", "coordinates": [[[0.42867449844090166, 10.806511196566351], [0.43570358883736, 10.793064896358228], [0.42743613088414417, 10.780442474875072], [0.4368910544665289, 10.764494698698273], [0.4385547945348075, 10.743407243647395], [0.41870020472008207, 10.740899044871608], [0.4105367315400213, 10.74866714482103], [0.37421763707858746, 10.75917094210951], [0.37315657239939, 10.772516495984474], [0.39620889202055787, 10.793277425630246], [0.42867449844090166, 10.806511196566351]]]}}, {"id": "334", "type": "Feature", "properties": {"canton_id": 334}, "geometry": {"type": "Polygon", "coordinates": [[[0.5352357036608513, 10.783399158655607], [0.5362612248515732, 10.736525750045283], [0.519941579789099, 10.693908927364436], [0.48781830812398475, 10.700684032445128], [0.4320850289022677, 10.689669174544658], [0.42500560060405684, 10.734898548099416], [0.41870020472008207, 10.740899044871608], [0.4385547945348075, 10.743407243647395], [0.4368910544665289, 10.764494698698273], [0.42743613088414417, 10.780442474875072], [0.43570358883736, 10.793064896358228], [0.42867449844090166, 10.806511196566351], [0.45039699370888825, 10.835721367716427], [0.47419991897873026, 10.853698444978416], [0.48888905290925344, 10.858226056480207], [0.5116109439915009, 10.855472490959182], [0.5185240174656026, 10.84997332883034], [0.5352357036608513, 10.783399158655607]]]}}, {"id": "335", "type": "Feature", "properties": {"canton_id": 335}, "geometry": {"type": "Polygon", "coordinates": [[[0.4217052381674173, 11.01806476007881], [0.43409153523974375, 11.010171210263504], [0.43393664717469094, 10.99292946093692], [0.4398092235286283, 10.987895727721348], [0.44753844770846624, 10.99533524306098], [0.4611418585744064, 10.990190587380056], [0.46195119434855497, 10.978528186958819], [0.44950300409979294, 10.974642926451857], [0.4461079304425425, 10.956835456375732], [0.4042069433990377, 10.93367857233109], [0.40384840859358717, 10.951441515261386], [0.41448545213426385, 10.968475267349017], [0.4119634586819384, 10.989557437228154], [0.4217052381674173, 11.01806476007881]]]}}, {"id": "336", "type": "Feature", "properties": {"canton_id": 336}, "geometry": {"type": "Polygon", "coordinates": [[[0.4411707534007595, 10.953872632565593], [0.45946330583133393, 10.946379698707444], [0.48376525149298377, 10.945362379071407], [0.4945228956400909, 10.931744702094834], [0.48225534502082334, 10.926101325768926], [0.48402372499941804, 10.920723596805365], [0.476018743584967, 10.914480743147044], [0.4859559572516041, 10.901874784198785], [0.45623602444127276, 10.901200374167445], [0.40619678521590286, 10.908926257996454], [0.40078496527738067, 10.914289074363767], [0.4042069433990377, 10.93367857233109], [0.4411707534007595, 10.953872632565593]]]}}, {"id": "337", "type": "Feature", "properties": {"canton_id": 337}, "geometry": {"type": "Polygon", "coordinates": [[[0.36888149608948817, 10.888205910210884], [0.40078496527738067, 10.914289074363767], [0.40619678521590286, 10.908926257996454], [0.45623602444127276, 10.901200374167445], [0.4859559572516041, 10.901874784198785], [0.48888905290925344, 10.858226056480207], [0.43793859998234524, 10.831609889751203], [0.4039017116195183, 10.831349816001804], [0.3787650091229961, 10.855502439973066], [0.3671619921926864, 10.873784193026967], [0.36888149608948817, 10.888205910210884]]]}}, {"id": "338", "type": "Feature", "properties": {"canton_id": 338}, "geometry": {"type": "Polygon", "coordinates": [[[0.42415565168273583, 11.025021892740577], [0.5038318596237557, 11.008332325120618], [0.503550588718112, 10.997804711892355], [0.49718187408073033, 10.988620146806806], [0.507774477576289, 10.99056789970817], [0.5169066727992895, 10.971218144772493], [0.5010030745062789, 10.934283543161571], [0.565638388329677, 10.960320901133642], [0.5683103418848588, 10.937188645859274], [0.5888051515655782, 10.906964622757526], [0.5185240174656026, 10.84997332883034], [0.5116109439915009, 10.855472490959182], [0.48888905290925344, 10.858226056480207], [0.4859559572516041, 10.901874784198785], [0.476018743584967, 10.914480743147044], [0.48402372499941804, 10.920723596805365], [0.48225534502082334, 10.926101325768926], [0.4945228956400909, 10.931744702094834], [0.48376525149298377, 10.945362379071407], [0.45946330583133393, 10.946379698707444], [0.4411707534007595, 10.953872632565593], [0.4461079304425425, 10.956835456375732], [0.44950300409979294, 10.974642926451857], [0.46195119434855497, 10.978528186958819], [0.4611418585744064, 10.990190587380056], [0.44753844770846624, 10.99533524306098], [0.4398092235286283, 10.987895727721348], [0.43393664717469094, 10.99292946093692], [0.43409153523974375, 11.010171210263504], [0.4217052381674173, 11.01806476007881], [0.42415565168273583, 11.025021892740577]]]}}, {"id": "339", "type": "Feature", "properties": {"canton_id": 339}, "geometry": {"type": "Polygon", "coordinates": [[[0.5612839039115359, 10.42874059444262], [0.5865183672304239, 10.313726712212107], [0.5585113270403931, 10.26586215003157], [0.4969463122471811, 10.229025836675504], [0.484085253315897, 10.247417169683617], [0.4840701507261507, 10.284346198381552], [0.4600501202940622, 10.310209700213441], [0.43971972346534116, 10.313111306022842], [0.4259210658772179, 10.307334533615254], [0.41526845260694367, 10.300668413144193], [0.40656666952684095, 10.281221200781768], [0.3819571742462516, 10.271781419494566], [0.36952204701586144, 10.28459394798994], [0.37796565459638115, 10.286902667909937], [0.38368472457780933, 10.300599448300956], [0.39736692306501814, 10.3051957090079], [0.3958825332364633, 10.313754467626236], [0.3663597645203434, 10.310295116835052], [0.35328728906041884, 10.313810414753304], [0.3477556437272475, 10.307374319182006], [0.3287499801309165, 10.311386960386068], [0.3246162026781651, 10.306484155964617], [0.3162885711184035, 10.310460426093861], [0.3229850469360931, 10.319767524470473], [0.33801727991339564, 10.32528003613093], [0.3333443033720693, 10.336832261090372], [0.3253722701852457, 10.3399594430657], [0.3205350677214492, 10.33381573889393], [0.31530592733696267, 10.337747283263122], [0.314048683711791, 10.359689759914316], [0.30710641210438394, 10.370427769313208], [0.40549622116678175, 10.381117050177762], [0.4323631422918413, 10.403601603441107], [0.4412436531462318, 10.418526029755109], [0.47547630730105767, 10.417574770579957], [0.5612839039115359, 10.42874059444262]]]}}, {"id": "340", "type": "Feature", "properties": {"canton_id": 340}, "geometry": {"type": "Polygon", "coordinates": [[[0.43971972346534116, 10.313111306022842], [0.46514559713790943, 10.307873130840477], [0.4840701507261507, 10.284346198381552], [0.484085253315897, 10.247417169683617], [0.4969463122471811, 10.229025836675504], [0.45977635910423337, 10.20677717219217], [0.42627841662831284, 10.194656506055294], [0.3560216283095083, 10.220172081978774], [0.362318997386811, 10.263305785886903], [0.40656666952684095, 10.281221200781768], [0.41526845260694367, 10.300668413144193], [0.4259210658772179, 10.307334533615254], [0.43971972346534116, 10.313111306022842]]]}}, {"id": "341", "type": "Feature", "properties": {"canton_id": 341}, "geometry": {"type": "Polygon", "coordinates": [[[0.35260019454776936, 10.107496207826959], [0.3624599952804777, 10.141227062278295], [0.35099008629404, 10.183546841534037], [0.3560273893135755, 10.220170003617563], [0.42627841662831284, 10.194656506055294], [0.422037171850128, 10.174712112593177], [0.4074935653410055, 10.14531095583739], [0.35260019454776936, 10.107496207826959]]]}}, {"id": "342", "type": "Feature", "properties": {"canton_id": 342}, "geometry": {"type": "Polygon", "coordinates": [[[0.3970917364554574, 10.581505637735898], [0.39084819434080165, 10.58598477766678], [0.2632521106367149, 10.531163437756778], [0.2451831194659354, 10.536244649736833], [0.26887832153481406, 10.572032411944514], [0.27651564298467846, 10.593792235524475], [0.3207301089857578, 10.608714585654994], [0.34131485310974485, 10.624533688300076], [0.34467634528120333, 10.639886475080493], [0.38019669458638505, 10.634429887730361], [0.39709133004174113, 10.610623410125513], [0.3970917364554574, 10.581505637735898]]]}}, {"id": "343", "type": "Feature", "properties": {"canton_id": 343}, "geometry": {"type": "Polygon", "coordinates": [[[0.38174791873739566, 10.690853947704541], [0.4276126917742778, 10.688826425692564], [0.4906278544614552, 10.700736970370153], [0.553108726836075, 10.684338286754569], [0.5795319009815785, 10.69353009182886], [0.5796490399085841, 10.665555902512775], [0.596374107879279, 10.628863811433378], [0.6001622684613396, 10.556001217722127], [0.5487939507254723, 10.553286188515747], [0.5224243249471257, 10.569899940841148], [0.4830415375493916, 10.567531536846166], [0.41211997027783026, 10.54073090683134], [0.4110631187961838, 10.571481471914991], [0.3970917364554574, 10.581505637735898], [0.39709133004174113, 10.610623410125513], [0.38019669458638505, 10.634429887730361], [0.34467634528120333, 10.639886475080493], [0.3523772734376259, 10.664572152408589], [0.34127501454224435, 10.685752223912752], [0.3430132675262565, 10.697470352688663], [0.3656413802167425, 10.699630118805974], [0.38174791873739566, 10.690853947704541]]]}}, {"id": "344", "type": "Feature", "properties": {"canton_id": 344}, "geometry": {"type": "Polygon", "coordinates": [[[0.6001622684613396, 10.556001217722127], [0.534835378029412, 10.463163277398069], [0.5612839039115359, 10.42874059444262], [0.47547630730105767, 10.417574770579957], [0.4412436531462318, 10.418526029755109], [0.41389185149516233, 10.498199588097222], [0.41211997027783026, 10.54073090683134], [0.4830415375493916, 10.567531536846166], [0.5224243249471257, 10.569899940841148], [0.5487939507254723, 10.553286188515747], [0.6001622684613396, 10.556001217722127]]]}}, {"id": "345", "type": "Feature", "properties": {"canton_id": 345}, "geometry": {"type": "Polygon", "coordinates": [[[0.4110631187961838, 10.571481471914991], [0.41389185149516233, 10.498199588097222], [0.4412436531462318, 10.418526029755109], [0.4323631422918413, 10.403601603441107], [0.40549622116678175, 10.381117050177762], [0.30211198173393844, 10.36923327382964], [0.2898474020997809, 10.376671604649403], [0.3005672992255206, 10.392131413724583], [0.30001043577246217, 10.402428550594548], [0.297828032968763, 10.409645818011509], [0.290028398718676, 10.408790716278938], [0.28491358426975805, 10.421844358030881], [0.2726706643384661, 10.420700687061048], [0.26893525181292904, 10.410256857623995], [0.2591888310044527, 10.407398901722305], [0.24362745917962875, 10.415826565149658], [0.23410372128802512, 10.413357247013964], [0.22022554631766614, 10.425477211462377], [0.22069801809803777, 10.457553701679974], [0.2451831194659354, 10.536244649736833], [0.2632521106367149, 10.531163437756778], [0.39084819434080165, 10.58598477766678], [0.4110631187961838, 10.571481471914991]]]}}, {"id": "346", "type": "Feature", "properties": {"canton_id": 346}, "geometry": {"type": "Polygon", "coordinates": [[[0.6267146962873226, 10.331756167494468], [0.6895840357364197, 10.311667062343963], [0.7143309594083107, 10.293908932616045], [0.7218771837810982, 10.271471924709848], [0.7341740954213699, 10.258125777344883], [0.731352561689131, 10.237162793525785], [0.7210341465568988, 10.226919766650283], [0.6784998111441926, 10.204735542983846], [0.6344469424782162, 10.22475193263368], [0.5902548767177824, 10.210532726406027], [0.5349841908804661, 10.221637565093356], [0.5320351772155177, 10.250022831378836], [0.5585113270403931, 10.26586215003157], [0.5865183672304239, 10.313726712212107], [0.584385241776851, 10.323982718429956], [0.605364065139505, 10.32278171612907], [0.6267146962873226, 10.331756167494468]]]}}, {"id": "347", "type": "Feature", "properties": {"canton_id": 347}, "geometry": {"type": "Polygon", "coordinates": [[[0.8058681596683974, 10.729313917377203], [0.8016396842459727, 10.723619102833519], [0.7973168117338904, 10.677133094824695], [0.8088178797593651, 10.579780915214604], [0.7839041990934159, 10.526473411885677], [0.7800473147774797, 10.450785873615663], [0.6910760518970982, 10.49052436093581], [0.6751550772404677, 10.489433141601104], [0.6575356651807494, 10.47402666618001], [0.641633216057418, 10.47065880931922], [0.6340544419098691, 10.474015493491704], [0.614219126835121, 10.448189612722002], [0.599165961453803, 10.441413512772035], [0.5788781637257554, 10.442885415176466], [0.5612839039115359, 10.42874059444262], [0.534835378029412, 10.463163277398069], [0.6001622684613396, 10.556001217722127], [0.596374107879279, 10.628863811433378], [0.5796490399085841, 10.665555902512775], [0.5795319009815785, 10.69353009182886], [0.6406309857224274, 10.71564356512113], [0.6693743637196002, 10.721359847556725], [0.7735749634881985, 10.732086193835434], [0.8058681596683974, 10.729313917377203]]]}}, {"id": "348", "type": "Feature", "properties": {"canton_id": 348}, "geometry": {"type": "Polygon", "coordinates": [[[0.6910760518970982, 10.49052436093581], [0.7800473147774797, 10.450785873615663], [0.7765579840182318, 10.38177949668196], [0.7646251203592471, 10.365736344649005], [0.7081191909573645, 10.376268497287787], [0.704086932459367, 10.383309672673796], [0.6809184936774976, 10.38623107565633], [0.6611408966990688, 10.335928611513792], [0.651926081756347, 10.328019879848343], [0.6464103118012203, 10.324851122855254], [0.6267146962873226, 10.331756167494468], [0.605364065139505, 10.32278171612907], [0.584385241776851, 10.323982718429956], [0.5612839039115359, 10.42874059444262], [0.5788781637257554, 10.442885415176466], [0.599165961453803, 10.441413512772035], [0.614219126835121, 10.448189612722002], [0.6340544419098691, 10.474015493491704], [0.6486886549701067, 10.471361083399035], [0.6751550772404677, 10.489433141601104], [0.6910760518970982, 10.49052436093581]]]}}, {"id": "349", "type": "Feature", "properties": {"canton_id": 349}, "geometry": {"type": "Polygon", "coordinates": [[[0.7081191909573645, 10.376268497287787], [0.7646251203592471, 10.365736344649005], [0.7765674040122366, 10.381824717359667], [0.92134107611196, 10.276235053998352], [0.8776062219635784, 10.231729982709204], [0.8665901978360679, 10.213849392685532], [0.8586489911978475, 10.184603672532926], [0.8479671845718978, 10.181316017729408], [0.839081279559131, 10.168250833268274], [0.8223523948013399, 10.163137771146124], [0.8071359763017895, 10.18405173780871], [0.7821314678589224, 10.203204780508791], [0.7497136830662678, 10.206457036799126], [0.7148440326503549, 10.224560320745947], [0.731352561689131, 10.237162793525785], [0.7341740954213699, 10.258125777344883], [0.7218771837810982, 10.271471924709848], [0.7143309594083107, 10.293908932616045], [0.6895840357364197, 10.311667062343963], [0.6485353914921429, 10.326004276048264], [0.6611408966990688, 10.335928611513792], [0.6809184936774976, 10.38623107565633], [0.704086932459367, 10.383309672673796], [0.7081191909573645, 10.376268497287787]]]}}, {"id": "350", "type": "Feature", "properties": {"canton_id": 350}, "geometry": {"type": "Polygon", "coordinates": [[[0.5349841908804661, 10.221637565093356], [0.5902548767177824, 10.210532726406027], [0.6344469424782162, 10.22475193263368], [0.6784998111441926, 10.204735542983846], [0.7148440326503549, 10.224560320745947], [0.7497136830662678, 10.206457036799126], [0.7821314678589224, 10.203204780508791], [0.8071359763017895, 10.18405173780871], [0.8223523948013399, 10.163137771146124], [0.8177303268215546, 10.158143867157882], [0.8053887057878005, 10.159992684039153], [0.8037503837941645, 10.1712129666652], [0.7956667029010775, 10.174972260399812], [0.7927663441258306, 10.182059469653643], [0.7830782253212845, 10.179594381267831], [0.783016572815947, 10.170596666311358], [0.7596636040856475, 10.178192974646693], [0.7497118185888978, 10.162131225366352], [0.7382990255557644, 10.163787054519027], [0.7455804881630719, 10.152077697660456], [0.6901489840967523, 10.071311631791572], [0.684760473829183, 10.02858741839682], [0.6961873885712604, 10.024803148532278], [0.694423626477254, 9.985591679254716], [0.6757440787236502, 9.980795649624637], [0.6740036399114248, 9.98784230390396], [0.6586144944409639, 9.992534090331468], [0.6487294352018155, 9.982042476661421], [0.6296297980881831, 9.988146545006831], [0.632708209179276, 10.000030127384413], [0.5974629562177571, 10.03103358514887], [0.5823465167036451, 10.035928782058306], [0.5612649620020211, 10.033683260098046], [0.5498486744397424, 10.039778123054235], [0.5594929159042045, 10.049756353319243], [0.5828416606092208, 10.054247053672942], [0.5863308025512659, 10.068807715481771], [0.5816787392449568, 10.075707038695894], [0.545418672782566, 10.095047761141934], [0.5445855345142906, 10.12275696913577], [0.529058509293953, 10.155746182517408], [0.5324540570071439, 10.183652538240045], [0.517121017922612, 10.205697962946424], [0.5086875740254811, 10.202188629126603], [0.5052331606741424, 10.205864362340899], [0.5090461503195385, 10.21363841164054], [0.4969986719481024, 10.219247106315096], [0.4857128464291226, 10.212945104109593], [0.48796827473634885, 10.202518265653277], [0.4607994857965252, 10.207389668477674], [0.5320351772155177, 10.250022831378836], [0.5349841908804661, 10.221637565093356]]]}}, {"id": "351", "type": "Feature", "properties": {"canton_id": 351}, "geometry": {"type": "Polygon", "coordinates": [[[0.5079493961891725, 10.214497715780945], [0.505711504931759, 10.204428305638713], [0.517121017922612, 10.205697962946424], [0.5324540570071439, 10.183652538240045], [0.529058509293953, 10.155746182517408], [0.5445855345142906, 10.12275696913577], [0.545418672782566, 10.095047761141934], [0.40780887521902576, 10.096887598029223], [0.38958869362847653, 10.08164276341587], [0.36466850945571033, 10.085459453930401], [0.355666400772025, 10.091631971050347], [0.35260019454776936, 10.107496207826959], [0.4074935653410055, 10.14531095583739], [0.422037171850128, 10.174712112593177], [0.42627841662831284, 10.194656506055294], [0.46489563440282494, 10.208387746712456], [0.4715124999061613, 10.202770375921096], [0.48796827473634885, 10.202518265653277], [0.4857128464291226, 10.212945104109593], [0.49570316372301887, 10.218967206965942], [0.5079493961891725, 10.214497715780945]]]}}, {"id": "352", "type": "Feature", "properties": {"canton_id": 352}, "geometry": {"type": "Polygon", "coordinates": [[[0.545418672782566, 10.095047761141934], [0.5816787392449568, 10.075707038695894], [0.5863308025512659, 10.068807715481771], [0.5828416606092208, 10.054247053672942], [0.5594929159042045, 10.049756353319243], [0.5498486744397424, 10.039778123054235], [0.4882891674333643, 10.03508279876817], [0.5112037414225223, 9.97358696667836], [0.498974760187861, 9.96293750076836], [0.5064283122184633, 9.95309376270606], [0.4865864669524444, 9.95787080339912], [0.46913351753451, 9.951123589469136], [0.45251848381419946, 9.957625479823259], [0.45337155635885434, 9.969097403987123], [0.44819673496439905, 9.971425892509473], [0.4323955464936958, 9.967571545419288], [0.42912044016532036, 9.981290756662244], [0.4330631116144984, 9.997591504051398], [0.4263216665279863, 10.010134500146222], [0.432416698705754, 10.012716885689256], [0.4270562408074892, 10.027892839515022], [0.41172765677819917, 10.024817466613351], [0.4172738381350279, 10.059731048879996], [0.3958196278710826, 10.080735626216047], [0.38962430383866764, 10.081669741822619], [0.40780887521902576, 10.096887598029223], [0.545418672782566, 10.095047761141934]]]}}, {"id": "353", "type": "Feature", "properties": {"canton_id": 353}, "geometry": {"type": "Polygon", "coordinates": [[[0.4882891674333643, 10.03508279876817], [0.5498486744397424, 10.039778123054235], [0.5612649620020211, 10.033683260098046], [0.5823465167036451, 10.035928782058306], [0.6146311910714122, 10.019844486914304], [0.632708209179276, 10.000030127384413], [0.6296297980881831, 9.988146545006831], [0.6487294352018155, 9.982042476661421], [0.6586144944409639, 9.992534090331468], [0.6740036399114248, 9.98784230390396], [0.6757440787236502, 9.980795649624637], [0.6572011190362949, 9.954513305005086], [0.6618477167141321, 9.889471965242905], [0.6526237607217658, 9.88850693855563], [0.6450689658187976, 9.901842317895246], [0.62592722807792, 9.89391095099421], [0.6215349207119429, 9.885093817995664], [0.606029967615132, 9.89474443091484], [0.5664277405016118, 9.887331829104712], [0.5465568368533764, 9.898726870577315], [0.5434604105184458, 9.912502536194216], [0.5377008778749056, 9.917302998477926], [0.5178269610796283, 9.920395486986175], [0.5197413157920764, 9.930039888339246], [0.5352831237399318, 9.944291473379138], [0.5368875011855535, 9.951698981623084], [0.5304407995311345, 9.955339278627564], [0.5064283122184633, 9.95309376270606], [0.498974760187861, 9.96293750076836], [0.5112037414225223, 9.97358696667836], [0.4882891674333643, 10.03508279876817]]]}}, {"id": "354", "type": "Feature", "properties": {"canton_id": 354}, "geometry": {"type": "Polygon", "coordinates": [[[0.26887832153481406, 10.572032411944514], [0.2451831194659354, 10.536244649736833], [0.23833755972792306, 10.507917302713174], [0.21260713212352259, 10.529967032076517], [0.21333950802544152, 10.550084193869322], [0.20534463726446747, 10.558200835141701], [0.22241069615134526, 10.56074043337062], [0.2236386726595398, 10.565672325931569], [0.19430174678172635, 10.572448292277253], [0.1941822389912481, 10.58124543164432], [0.2386209669919064, 10.618538684511185], [0.253704653205139, 10.615939796734546], [0.2588329874946832, 10.604570780338657], [0.27651564298467846, 10.593792235524475], [0.26887832153481406, 10.572032411944514]]]}}, {"id": "355", "type": "Feature", "properties": {"canton_id": 355}, "geometry": {"type": "Polygon", "coordinates": [[[0.3280450883670806, 10.654770774610274], [0.3434117075560914, 10.628023918152396], [0.3355091882521549, 10.619178495224832], [0.322150723401189, 10.629810117490957], [0.3179885156454803, 10.63925252767505], [0.30407203161340507, 10.633140705461326], [0.2719938501285755, 10.639803416797637], [0.26249027322033397, 10.624189604204524], [0.25376874121584697, 10.631817707935394], [0.26850144642312446, 10.657138397517327], [0.267783993013469, 10.668260648683702], [0.28213720995133174, 10.694800947352457], [0.28784793338253595, 10.697449379686491], [0.306469693718438, 10.68206403931247], [0.3165340759101912, 10.680010505822453], [0.33033357544616665, 10.664382991163112], [0.3280450883670806, 10.654770774610274]]]}}, {"id": "356", "type": "Feature", "properties": {"canton_id": 356}, "geometry": {"type": "Polygon", "coordinates": [[[0.2478797652093477, 10.689816628237365], [0.24003915456761216, 10.682490199045565], [0.23978447517334284, 10.67308152999993], [0.21833805666840642, 10.682527285308586], [0.18731836733549825, 10.685440747219719], [0.17139781953337535, 10.734872238874727], [0.18422541902283185, 10.753606234926695], [0.20688756328272004, 10.773006083845356], [0.212205648369052, 10.750074369317284], [0.2240289268982464, 10.738842421430936], [0.23277616836667933, 10.739001305679198], [0.22466341772394852, 10.725158592770848], [0.24061865498882548, 10.716985941224076], [0.23628941315632043, 10.698050796075755], [0.2478797652093477, 10.689816628237365]]]}}, {"id": "357", "type": "Feature", "properties": {"canton_id": 357}, "geometry": {"type": "Polygon", "coordinates": [[[0.17139781953337535, 10.734872238874727], [0.18707664416862899, 10.686500384585502], [0.1737974283101612, 10.687607124733892], [0.17317221625430404, 10.681764756590272], [0.15650983579219685, 10.6656782181566], [0.13899759159831251, 10.672110850293471], [0.1568453214789791, 10.675255025255483], [0.14169625999655894, 10.706273095643642], [0.1501068737836666, 10.714916065294622], [0.14674359698645537, 10.718905346093415], [0.17139781953337535, 10.734872238874727]]]}}, {"id": "358", "type": "Feature", "properties": {"canton_id": 358}, "geometry": {"type": "Polygon", "coordinates": [[[0.1737974283101612, 10.687607124733892], [0.21017314071901286, 10.683294470691843], [0.19393051896724892, 10.673345053592902], [0.2063042467824047, 10.666569252105923], [0.19109542509405558, 10.65845465308259], [0.19713661519338468, 10.64775898151698], [0.19008242494837835, 10.639297509923633], [0.193983476586427, 10.621192126008458], [0.21462531485755593, 10.61045794724251], [0.21978672250487277, 10.602734466248004], [0.1941822389912481, 10.58124543164432], [0.18433014035812523, 10.608915942155157], [0.15147397042777075, 10.60624581298457], [0.1544632357416825, 10.632635478190174], [0.13427800826092715, 10.652238107694398], [0.13921562505120658, 10.672009869068622], [0.15650983579219685, 10.6656782181566], [0.17317221625430404, 10.681764756590272], [0.1737974283101612, 10.687607124733892]]]}}, {"id": "359", "type": "Feature", "properties": {"canton_id": 359}, "geometry": {"type": "Polygon", "coordinates": [[[0.21017314071901286, 10.683294470691843], [0.2416713254991454, 10.670998538162126], [0.23423704621599914, 10.657411173703123], [0.2485188089042119, 10.646030901430786], [0.246984150427904, 10.637282824206139], [0.23858931825800564, 10.618512128853684], [0.21978672250487277, 10.602734466248004], [0.21462531485755593, 10.61045794724251], [0.193983476586427, 10.621192126008458], [0.19008242494837835, 10.639297509923633], [0.19713661519338468, 10.64775898151698], [0.19109542509405558, 10.65845465308259], [0.2063042467824047, 10.666569252105923], [0.19393051896724892, 10.673345053592902], [0.21017314071901286, 10.683294470691843]]]}}, {"id": "360", "type": "Feature", "properties": {"canton_id": 360}, "geometry": {"type": "Polygon", "coordinates": [[[0.23423704621599914, 10.657411173703123], [0.24003915456761216, 10.682490199045565], [0.2478797652093477, 10.689816628237365], [0.25715897933280113, 10.68143766721729], [0.27296691413115487, 10.677844756162344], [0.267783993013469, 10.668260648683702], [0.26850144642312446, 10.657138397517327], [0.25376874121584697, 10.631817707935394], [0.26249027322033397, 10.624189604204524], [0.2719938501285755, 10.639803416797637], [0.30407203161340507, 10.633140705461326], [0.3179885156454803, 10.63925252767505], [0.322150723401189, 10.629810117490957], [0.3355091882521549, 10.619178495224832], [0.312322231875591, 10.603038851562445], [0.27651564298467846, 10.593792235524475], [0.2588329874946832, 10.604570780338657], [0.253704653205139, 10.615939796734546], [0.23858931825800564, 10.618512128853684], [0.2485188089042119, 10.646030901430786], [0.23423704621599914, 10.657411173703123]]]}}, {"id": "361", "type": "Feature", "properties": {"canton_id": 361}, "geometry": {"type": "Polygon", "coordinates": [[[0.18433014035812523, 10.608915942155157], [0.19430174678172635, 10.572448292277253], [0.2236386726595398, 10.565672325931569], [0.22241069615134526, 10.56074043337062], [0.20534463726446747, 10.558200835141701], [0.21333950802544152, 10.550084193869322], [0.21260713212352259, 10.529967032076517], [0.23833755972792306, 10.507917302713174], [0.22069801809803777, 10.457553701679974], [0.220213525294452, 10.425473466977467], [0.21082474332502024, 10.421603469787033], [0.2119682461928539, 10.416422944671043], [0.20556739277510302, 10.418208550459994], [0.20982917670119045, 10.405322585327117], [0.20184984974428932, 10.40711946027304], [0.19432382993307085, 10.402651934147451], [0.18747440181396394, 10.409749934061455], [0.19049148375651145, 10.417923290689746], [0.16901025153175908, 10.430542719601148], [0.1664353391744661, 10.44120696459613], [0.17187870168186423, 10.451040407254236], [0.15514067030147138, 10.461939809487529], [0.15877550968058182, 10.4736508395042], [0.15061879869401598, 10.48708777237754], [0.14313876819751434, 10.52552691270151], [0.11189022766613714, 10.541386885352141], [0.11524379903708806, 10.555302846297392], [0.14874906137265811, 10.567019934834146], [0.1696756022365039, 10.607479983133162], [0.18433014035812523, 10.608915942155157]]]}}, {"id": "362", "type": "Feature", "properties": {"canton_id": 362}, "geometry": {"type": "Polygon", "coordinates": [[[0.027656058853327004, 10.718016671926614], [0.03796596817587108, 10.703121015023163], [0.06548146572619111, 10.702541575949857], [0.0757660986366982, 10.678288249669153], [0.013763225856022429, 10.642767310508553], [-0.01121190990310495, 10.644957275871933], [-0.014839900250312352, 10.653110984752207], [-0.0004415969633326215, 10.664298976572722], [-0.0017556616216375213, 10.684826764520174], [0.005180097322432943, 10.69608062223219], [-0.021648539743703975, 10.713519244228381], [0.027656058853327004, 10.718016671926614]]]}}, {"id": "363", "type": "Feature", "properties": {"canton_id": 363}, "geometry": {"type": "Polygon", "coordinates": [[[0.14392403072673926, 10.722249584279755], [0.1501068737836666, 10.714916065294622], [0.14169625999655894, 10.706273095643642], [0.1568453214789791, 10.675255025255483], [0.13899759159831251, 10.672110850293471], [0.12077417527372551, 10.674388467059051], [0.11407347408612284, 10.68629306176739], [0.11019000755568889, 10.678028754623798], [0.09273309438200354, 10.689612766402618], [0.0757660986366982, 10.678288249669153], [0.06548146572619111, 10.702541575949857], [0.03796596817587108, 10.703121015023163], [0.027656058853327004, 10.718016671926614], [0.036136569200875754, 10.755544702743796], [0.05441177838448812, 10.757288664304426], [0.06549726765754992, 10.736131242948689], [0.08108795816852152, 10.722002356252919], [0.0799540394216144, 10.71628142874759], [0.09819591180338716, 10.708894157157392], [0.14392403072673926, 10.722249584279755]]]}}, {"id": "364", "type": "Feature", "properties": {"canton_id": 364}, "geometry": {"type": "Polygon", "coordinates": [[[0.20688756328272004, 10.773006083845356], [0.18422541902283185, 10.753606234926695], [0.17132172799294296, 10.734761104977567], [0.14674359698645537, 10.718905346093415], [0.14392403072673926, 10.722249584279755], [0.09819591180338716, 10.708894157157392], [0.0799540394216144, 10.71628142874759], [0.08108795816852152, 10.722002356252919], [0.06549726765754992, 10.736131242948689], [0.05441177838448812, 10.757288664304426], [0.06199687848153591, 10.764053579171792], [0.06559663178113204, 10.800003666739208], [0.07912162521803284, 10.810641822051569], [0.0914344922440344, 10.809633813985123], [0.09875723313368338, 10.801339319190626], [0.14290524657215645, 10.795987284143127], [0.16585623896604793, 10.77890030817465], [0.20688756328272004, 10.773006083845356]]]}}, {"id": "365", "type": "Feature", "properties": {"canton_id": 365}, "geometry": {"type": "Polygon", "coordinates": [[[0.036136569200875754, 10.755544702743796], [0.02763636591264917, 10.717936761533746], [-0.05883667066956015, 10.705087090516438], [-0.08378778976264274, 10.691167738244765], [-0.0899987773889453, 10.713044575622362], [-0.07277814831378297, 10.720096713889541], [-0.07200263880017353, 10.762365175232599], [-0.026617017352136618, 10.782660031687527], [0.019429045069641025, 10.77665697505894], [0.036136569200875754, 10.755544702743796]]]}}, {"id": "366", "type": "Feature", "properties": {"canton_id": 366}, "geometry": {"type": "Polygon", "coordinates": [[[-0.010858485501884218, 10.644162938429627], [-0.020059292482206163, 10.621483344070874], [-0.05881087770930113, 10.631165737811546], [-0.07144228474717301, 10.67308785933926], [-0.08372832662700659, 10.69120091407561], [-0.05883667066956015, 10.705087090516438], [-0.021648539743703975, 10.713519244228381], [0.005180097322432943, 10.69608062223219], [-0.0017556616216375213, 10.684826764520174], [-0.0004415969633326215, 10.664298976572722], [-0.014839900250312352, 10.653110984752207], [-0.010858485501884218, 10.644162938429627]]]}}, {"id": "367", "type": "Feature", "properties": {"canton_id": 367}, "geometry": {"type": "Polygon", "coordinates": [[[0.09279490414694708, 10.689571754876535], [0.11019000755568889, 10.678028754623798], [0.10500548460665456, 10.644504657389895], [0.09605534121756881, 10.637875931925464], [0.09038298543825342, 10.60862735654259], [0.057935253643435415, 10.61697622832435], [0.0032281055937065156, 10.603706347577463], [-0.002731777822603176, 10.614524557132214], [-0.020059292482206163, 10.621483344070874], [-0.01121190990310495, 10.644957275871933], [0.013763225856022429, 10.642767310508553], [0.024875300775637373, 10.652361762342768], [0.041569043375308305, 10.655458993724583], [0.09279490414694708, 10.689571754876535]]]}}, {"id": "368", "type": "Feature", "properties": {"canton_id": 368}, "geometry": {"type": "Polygon", "coordinates": [[[0.09038298543825342, 10.60862735654259], [0.0697192577223879, 10.589563736204171], [0.055359915555060125, 10.58379042829194], [0.046110874927384, 10.591945497728142], [0.0024137370445733893, 10.601797406453892], [0.057935253643435415, 10.61697622832435], [0.09038298543825342, 10.60862735654259]]]}}, {"id": "369", "type": "Feature", "properties": {"canton_id": 369}, "geometry": {"type": "Polygon", "coordinates": [[[0.15486297440501823, 10.61534050106345], [0.15147397042777075, 10.60624581298457], [0.1696756022365039, 10.607479983133162], [0.14874906137265811, 10.567019934834146], [0.11524379903708806, 10.555302846297392], [0.11198858467273401, 10.540868496550305], [0.060341310117737156, 10.557369400412837], [0.055359915555060125, 10.58379042829194], [0.0697192577223879, 10.589563736204171], [0.09025618950328701, 10.60789302269669], [0.09605534121756881, 10.637875931925464], [0.10500548460665456, 10.644504657389895], [0.10585381982943684, 10.668800615148728], [0.11407347408612284, 10.68629306176739], [0.12077417527372551, 10.674388467059051], [0.13919012495102603, 10.672078810673987], [0.13427800826092715, 10.652238107694398], [0.1544632357416825, 10.632635478190174], [0.15486297440501823, 10.61534050106345]]]}}, {"id": "370", "type": "Feature", "properties": {"canton_id": 370}, "geometry": {"type": "Polygon", "coordinates": [[[0.25169301925349113, 11.041432170666932], [0.21257058252475658, 11.022017083485608], [0.20700969168966404, 11.037115145998236], [0.1892670352912758, 11.0391733572428], [0.17493434107985145, 11.052921959827229], [0.1781303684751384, 11.076807814200118], [0.2660821634985235, 11.05836654682935], [0.25169301925349113, 11.041432170666932]]]}}, {"id": "371", "type": "Feature", "properties": {"canton_id": 371}, "geometry": {"type": "Polygon", "coordinates": [[[0.3001250445205426, 11.050731621993508], [0.27488224654498883, 11.034030479941894], [0.26246636536521706, 11.033718188529924], [0.25658650298429003, 11.028256941118837], [0.2586739316114654, 11.02179119234053], [0.24517665219168006, 10.998860125828848], [0.2446121471567844, 10.972315772519192], [0.24012408535787375, 10.964463588435013], [0.2030774849241898, 10.959406365343556], [0.19636748325903627, 10.961648027947462], [0.19706869336192706, 10.973271227237863], [0.1907305660748441, 10.979021137232957], [0.17291360431903782, 10.97979421915363], [0.18140096190566543, 10.987975172764738], [0.20978291114552888, 10.996856959496277], [0.20771140334673047, 11.011154021094733], [0.21468610806817034, 11.02087942800596], [0.25169301925349113, 11.041432170666932], [0.2660821634985235, 11.05836654682935], [0.3001250445205426, 11.050731621993508]]]}}, {"id": "372", "type": "Feature", "properties": {"canton_id": 372}, "geometry": {"type": "Polygon", "coordinates": [[[0.16243008936645073, 10.984284718853173], [0.1907305660748441, 10.979021137232957], [0.19706869336192706, 10.973271227237863], [0.19636748325903627, 10.961648027947462], [0.2030774849241898, 10.959406365343556], [0.24098085673505276, 10.964972089371622], [0.24001198978074573, 10.940651056354914], [0.23275411330887497, 10.923852607805447], [0.2276423521021927, 10.922404365362006], [0.22821507743800662, 10.909995709814627], [0.22091792346501443, 10.902467701539788], [0.22515645624006458, 10.889481785987522], [0.2375630516836599, 10.881295231222545], [0.2289112858088374, 10.869368630905143], [0.23751437939182035, 10.859248128540626], [0.2349615016517751, 10.84457264272223], [0.2490576767671853, 10.843975350238848], [0.25309598356566526, 10.835102175345728], [0.2673556554060035, 10.83914095523698], [0.2753789435298827, 10.822071632012845], [0.29946018282439674, 10.835353790380244], [0.31757175367946916, 10.83596428707481], [0.32479541981820864, 10.831368712679332], [0.328600202348351, 10.820350707772358], [0.3078190660120377, 10.776918362155145], [0.27483081086785993, 10.79858607212093], [0.2355533969973009, 10.776960976516836], [0.2096829433199415, 10.772957969066098], [0.16311375887312124, 10.779780688957626], [0.13739924413120014, 10.797830044515695], [0.16345309078156744, 10.81746741263727], [0.1625755199205246, 10.862197884339304], [0.15392843163162517, 10.8632945906154], [0.15480364871239513, 10.885840775810143], [0.16071363792579063, 10.903670716587921], [0.16785637063139328, 10.906415667830109], [0.17406029993922545, 10.93075761935587], [0.16168035142660298, 10.975080687631738], [0.16243008936645073, 10.984284718853173]]]}}, {"id": "373", "type": "Feature", "properties": {"canton_id": 373}, "geometry": {"type": "Polygon", "coordinates": [[[0.23911121932753948, 10.948964091934078], [0.27198450998095847, 10.948349719335726], [0.2639009209625369, 10.939992576745317], [0.26426944836184024, 10.92824994345785], [0.254184611925532, 10.922857290862716], [0.2641128716118329, 10.908733335980644], [0.2724141022969945, 10.905419848594892], [0.27214727230670344, 10.869258827225227], [0.2914039703413419, 10.868409831825383], [0.2753789435298827, 10.822071632012845], [0.2673556554060035, 10.83914095523698], [0.25309598356566526, 10.835102175345728], [0.2490576767671853, 10.843975350238848], [0.2349615016517751, 10.84457264272223], [0.23751437939182035, 10.859248128540626], [0.2289112858088374, 10.869368630905143], [0.2375630516836599, 10.881295231222545], [0.22515645624006458, 10.889481785987522], [0.22091792346501443, 10.902467701539788], [0.22821507743800662, 10.909995709814627], [0.2257449509235539, 10.917299521657329], [0.24001198978074573, 10.940651056354914], [0.23911121932753948, 10.948964091934078]]]}}, {"id": "374", "type": "Feature", "properties": {"canton_id": 374}, "geometry": {"type": "Polygon", "coordinates": [[[0.2992090118712403, 10.990018559196592], [0.28772278787788186, 10.949916900533198], [0.27013836220350734, 10.96377051112745], [0.25468069908230967, 10.969099492074458], [0.2545524438593151, 10.974916016667496], [0.2429418283034968, 10.977558416858685], [0.24517665219168006, 10.998860125828848], [0.2586739316114654, 11.02179119234053], [0.2851692984624189, 11.007556458545345], [0.27366926552827625, 11.000902405318108], [0.278694827348646, 10.990533083428199], [0.2992090118712403, 10.990018559196592]]]}}, {"id": "375", "type": "Feature", "properties": {"canton_id": 375}, "geometry": {"type": "Polygon", "coordinates": [[[0.3241247163419989, 10.715469335852044], [0.2764838921812768, 10.737710883165525], [0.25736173801066686, 10.734393193873082], [0.24125377480638183, 10.74059156894768], [0.2240289268982464, 10.738842421430936], [0.212205648369052, 10.750074369317284], [0.2068820787639516, 10.773029731684217], [0.2355533969973009, 10.776960976516836], [0.27483081086785993, 10.79858607212093], [0.3078190660120377, 10.776918362155145], [0.312712296084199, 10.764335034027976], [0.3196035189337174, 10.76474519371266], [0.3479219139420127, 10.784666303787155], [0.35031207898484346, 10.757466574151849], [0.3241247163419989, 10.715469335852044]]]}}, {"id": "376", "type": "Feature", "properties": {"canton_id": 376}, "geometry": {"type": "Polygon", "coordinates": [[[0.27296691413115487, 10.677844756162344], [0.25715897933280113, 10.68143766721729], [0.23628941315632043, 10.698050796075755], [0.24061865498882548, 10.716985941224076], [0.22466341772394852, 10.725158592770848], [0.23277616836667933, 10.739001305679198], [0.24882191704462098, 10.739566863729511], [0.25736173801066686, 10.734393193873082], [0.2764838921812768, 10.737710883165525], [0.3241247163419989, 10.715469335852044], [0.32489077675872796, 10.700691795097553], [0.34079584143126185, 10.692161892352306], [0.3523772734376259, 10.664572152408589], [0.3450632434101332, 10.64807155758605], [0.3434117075560914, 10.628023918152396], [0.3299447993723677, 10.646042726236914], [0.33077322381314345, 10.663591811385306], [0.3165340759101912, 10.680010505822453], [0.306469693718438, 10.68206403931247], [0.28784793338253595, 10.697449379686491], [0.27296691413115487, 10.677844756162344]]]}}, {"id": "377", "type": "Feature", "properties": {"canton_id": 377}, "geometry": {"type": "Polygon", "coordinates": [[[0.16071363792579063, 10.903670716587921], [0.15392843163162517, 10.8632945906154], [0.1402692899280668, 10.861440362323554], [0.12006721395878926, 10.885585407835727], [0.1282340009228109, 10.90952639729442], [0.14056255877159557, 10.92356129781687], [0.1343612156808629, 10.936220942671214], [0.1407255470501611, 10.96992760979896], [0.13526256831250988, 10.97979868681924], [0.14625063087493825, 10.993178388928483], [0.16243008936645073, 10.984284718853173], [0.17406029993922545, 10.93075761935587], [0.16785637063139328, 10.906415667830109], [0.16071363792579063, 10.903670716587921]]]}}, {"id": "378", "type": "Feature", "properties": {"canton_id": 378}, "geometry": {"type": "Polygon", "coordinates": [[[0.08606115163108453, 11.00860623022924], [0.10251722743682684, 10.998730342503254], [0.12006922098154342, 11.000643682369503], [0.13526256831250988, 10.97979868681924], [0.04970119068023001, 10.962963616621854], [0.022794524019268833, 10.960674205155762], [0.010726245009931275, 10.966448853140928], [0.01851815465310483, 10.973780660976029], [0.03435709469379204, 10.977095751470484], [0.030204194996190505, 11.000659709247016], [0.08606115163108453, 11.00860623022924]]]}}, {"id": "379", "type": "Feature", "properties": {"canton_id": 379}, "geometry": {"type": "Polygon", "coordinates": [[[0.14028819966847353, 10.962713437047809], [0.1343612156808629, 10.936220942671214], [0.14056255877159557, 10.92356129781687], [0.1282340009228109, 10.90952639729442], [0.12301501299707022, 10.895126255216363], [0.1142213345289931, 10.903455162166582], [0.07093879998128785, 10.8730664610197], [0.022065166620225084, 10.881407783951806], [0.020081807536446852, 10.887296206333964], [0.04495229700665291, 10.902756995169849], [0.047689474291532474, 10.912846703507288], [0.03722893972003842, 10.915349005124874], [0.025327939269702993, 10.909876520448828], [0.015659118978286413, 10.919344768079497], [-0.009182937474809763, 10.915903594809706], [-0.01193497386711275, 10.944051240419485], [-0.007412633368062364, 10.945696534778296], [-0.004822099140788866, 10.96092943231229], [0.0025259849626488385, 10.966496520679293], [0.011742179297507814, 10.967032613528586], [0.022794524019268833, 10.960674205155762], [0.04970119068023001, 10.962963616621854], [0.13526256831250988, 10.97979868681924], [0.14028819966847353, 10.962713437047809]]]}}, {"id": "380", "type": "Feature", "properties": {"canton_id": 380}, "geometry": {"type": "Polygon", "coordinates": [[[0.13639388576770728, 10.862806239007266], [0.1625755199205246, 10.862197884339304], [0.16345309078156744, 10.81746741263727], [0.13739924413120014, 10.797830044515695], [0.11179427332254209, 10.800235608151867], [0.10178354610669031, 10.826144485959128], [0.11521420465963089, 10.841040865352046], [0.10690568297827359, 10.851777772815161], [0.09462216771067013, 10.854465822298309], [0.07093879998128785, 10.8730664610197], [0.1142213345289931, 10.903455162166582], [0.12301501299707022, 10.895126255216363], [0.12006721395878926, 10.885585407835727], [0.136393433309636, 10.868163723696732], [0.13639388576770728, 10.862806239007266]]]}}, {"id": "381", "type": "Feature", "properties": {"canton_id": 381}, "geometry": {"type": "Polygon", "coordinates": [[[0.07093879998128785, 10.8730664610197], [0.09462216771067013, 10.854465822298309], [0.10690568297827359, 10.851777772815161], [0.11521420465963089, 10.841040865352046], [0.10178354610669031, 10.826144485959128], [0.11179427332254209, 10.800235608151867], [0.09875723313368338, 10.801339319190626], [0.0914344922440344, 10.809633813985123], [0.08367511885540381, 10.810881166491514], [0.07602321864000833, 10.825538253349164], [0.04586031978540445, 10.820769777160725], [0.009282275921643938, 10.83748934924419], [-0.02394005423943656, 10.82449411613471], [-0.029832082363945578, 10.853854974803752], [-0.0256733248782133, 10.880596588296575], [-0.00787207933078816, 10.915017663370385], [0.015659118978286413, 10.919344768079497], [0.025327939269702993, 10.909876520448828], [0.03722893972003842, 10.915349005124874], [0.047689474291532474, 10.912846703507288], [0.04495229700665291, 10.902756995169849], [0.020081807536446852, 10.887296206333964], [0.022065166620225084, 10.881407783951806], [0.07093879998128785, 10.8730664610197]]]}}, {"id": "382", "type": "Feature", "properties": {"canton_id": 382}, "geometry": {"type": "Polygon", "coordinates": [[[0.009282275921643938, 10.83748934924419], [0.04586031978540445, 10.820769777160725], [0.07602321864000833, 10.825538253349164], [0.08367511885540381, 10.810881166491514], [0.06751389986218023, 10.803434311431792], [0.06199687848153591, 10.764053579171792], [0.04915425749194398, 10.754800354585706], [0.03116800883232743, 10.758224269851096], [0.019429045069641025, 10.77665697505894], [0.020895739938055453, 10.789101156091297], [0.013967491790420632, 10.79651906894443], [0.019444397899023212, 10.80340584109403], [-0.00769292852871583, 10.814332122787695], [-0.04142994576971892, 10.800910997732235], [-0.022240384646577183, 10.818792718335963], [-0.02394824679097815, 10.82439404251032], [0.009282275921643938, 10.83748934924419]]]}}, {"id": "383", "type": "Feature", "properties": {"canton_id": 383}, "geometry": {"type": "Polygon", "coordinates": [[[0.013967491790420632, 10.79651906894443], [0.019429045069641025, 10.77665697505894], [-0.026617017352136618, 10.782660031687527], [-0.0573482385937325, 10.766362991885693], [-0.07068677855806454, 10.763244636975934], [-0.07330897848852058, 10.769254391729525], [-0.044955086869956244, 10.792481608361632], [-0.042807049819306685, 10.80004181694046], [-0.00769292852871583, 10.814332122787695], [0.019444397899023212, 10.80340584109403], [0.013967491790420632, 10.79651906894443]]]}}, {"id": "384", "type": "Feature", "properties": {"canton_id": 384}, "geometry": {"type": "Polygon", "coordinates": [[[0.32957620158134704, 10.824696664378434], [0.31757175367946916, 10.83596428707481], [0.29946018282439674, 10.835353790380244], [0.2753789435298827, 10.822071632012845], [0.29433456496544463, 10.880625227270018], [0.3127255629932434, 10.891188936551712], [0.3088398662868265, 10.906034327707516], [0.3249538462727353, 10.91047209113736], [0.3418589642904942, 10.908358003065036], [0.3402624548947628, 10.88202175464155], [0.3568407035548707, 10.89084879840124], [0.36888149608948817, 10.888205910210884], [0.3671619921926864, 10.873784193026967], [0.3787650091229961, 10.855502439973066], [0.4039017116195183, 10.831349816001804], [0.3920762701483727, 10.821576213765836], [0.36070052782288026, 10.835117490197215], [0.3451505050295347, 10.831404481943213], [0.34129720789666096, 10.835218479244318], [0.32957620158134704, 10.824696664378434]]]}}, {"id": "385", "type": "Feature", "properties": {"canton_id": 385}, "geometry": {"type": "Polygon", "coordinates": [[[0.2445224732701715, 10.976521181061642], [0.2545524438593151, 10.974916016667496], [0.25468069908230967, 10.969099492074458], [0.27013836220350734, 10.96377051112745], [0.28772278787788186, 10.949916900533198], [0.2850871748800602, 10.936545588048004], [0.2901949889667111, 10.917738158919315], [0.29865304424731004, 10.915640469360634], [0.2944021843616049, 10.904694380361], [0.2979471363119585, 10.899957214924402], [0.2860354924063541, 10.890591232609165], [0.28624253203857875, 10.884186066006734], [0.29433456496544463, 10.880625227270018], [0.2914039703413419, 10.868409831825383], [0.27078018967436956, 10.872118754025925], [0.2724141022969945, 10.905419848594892], [0.2641128716118329, 10.908733335980644], [0.254184611925532, 10.922857290862716], [0.26426944836184024, 10.92824994345785], [0.2639009209625369, 10.939992576745317], [0.27198450998095847, 10.948349719335726], [0.23911121932753948, 10.948964091934078], [0.2445224732701715, 10.976521181061642]]]}}, {"id": "386", "type": "Feature", "properties": {"canton_id": 386}, "geometry": {"type": "Polygon", "coordinates": [[[0.3004723420557848, 11.051143541838968], [0.3457554722599323, 11.041625842882468], [0.34174623777007035, 11.012088853411413], [0.33028662880417997, 11.000733518946461], [0.29283204359549614, 10.987635762049806], [0.278694827348646, 10.990533083428199], [0.27366926552827625, 11.000902405318108], [0.2851692984624189, 11.007556458545345], [0.2586739316114654, 11.02179119234053], [0.25658650298429003, 11.028256941118837], [0.26246636536521706, 11.033718188529924], [0.27488224654498883, 11.034030479941894], [0.3004723420557848, 11.051143541838968]]]}}, {"id": "387", "type": "Feature", "properties": {"canton_id": 387}, "geometry": {"type": "Polygon", "coordinates": [[[0.42419083700404353, 11.0251217888219], [0.4119634586819384, 10.989557437228154], [0.41448545213426385, 10.968475267349017], [0.40384840859358717, 10.951441515261386], [0.40078496527738067, 10.914289074363767], [0.36888149608948817, 10.888205910210884], [0.3568407035548707, 10.89084879840124], [0.3402624548947628, 10.88202175464155], [0.3418589642904942, 10.908358003065036], [0.3249538462727353, 10.91047209113736], [0.3088398662868265, 10.906034327707516], [0.3127255629932434, 10.891188936551712], [0.29433456496544463, 10.880625227270018], [0.28624253203857875, 10.884186066006734], [0.2860354924063541, 10.890591232609165], [0.2979471363119585, 10.899957214924402], [0.2944021843616049, 10.904694380361], [0.29865304424731004, 10.915640469360634], [0.2901949889667111, 10.917738158919315], [0.2850871748800602, 10.936545588048004], [0.2992090118712403, 10.990018559196592], [0.33028662880417997, 11.000733518946461], [0.34174623777007035, 11.012088853411413], [0.3457554722599323, 11.041625842882468], [0.42419083700404353, 11.0251217888219]]]}}]}